name,address_line_1,address_line_2,city,state_or_region,postal_code,country_code,latitude,longitude
,6230 Ninth Pl,,Harvey,IL,60426,US,41.600094,-87.663175
,9445 Church Rd,,Evanston,IL,60202,US,42.048191,-87.698798
,6240 Third St,Apt 158,Aurora,IL,60505,US,41.755626,-88.339073
,2661 Sherman Ave,# 553,Peoria,IL,61602,US,40.691491,-89.604262
,976 Broad Pl,Ste 977,Naperville,IL,60540,US,41.765753,-88.133715
,4585 Madison Pl,,Chicago,IL,60640,US,41.892228,-87.629813
Lincoln Square,9283 Lake Pl,,Chicago,IL,60622,US,41.883780,-87.615342
,8411 Church Blvd,,Chicago,IL,60613,US,41.881959,-87.646170
,4375 State St,Apt 222,Chicago,IL,60622,US,41.863708,-87.611796
,6940 Jefferson Ave,,Midlothian,IL,60445,US,41.642882,-87.708121
,2314 Sherman Ln,,Decatur,IL,62523,US,39.842320,-88.967579
The Pinnacle,269 Hillside Way,Apt 559,Chicago,IL,60630,US,41.880103,-87.639441
,8713 River Rd,Ste 692,Chicago,IL,60640,US,41.895825,-87.616940
,9883 Kennedy Rd,Apt 822,Alsip,IL,60803,US,41.653512,-87.718824
,1312 Sixth Rd,Apt 98,Peoria,IL,61602,US,40.692277,-89.606572
,6308 Adams Rd,,Chicago,IL,60614,US,41.858998,-87.628308
,191 Laurel Ave,,Chicago,IL,60622,US,41.891298,-87.615987
,3938 Sunset Pl,,Springfield,IL,62701,US,39.788937,-89.654970
Lakeshore Drive Apts,1175 Monroe Ln,,Rockford,IL,61101,US,42.274526,-89.086144
,2074 Liberty Dr,Apt 781,Cicero,IL,60804,US,41.854055,-87.744955
,3890 Ash Way,,Decatur,IL,62523,US,39.859911,-88.956810
Westside Commons,5304 Lake Ave,Ste 243,Bolingbrook,IL,60440,US,41.680317,-88.080736
,5808 Hill Cir,,Alsip,IL,60803,US,41.665195,-87.746920
Cedar Ridge,7639 King Ave,,Harvey,IL,60426,US,41.620751,-87.642951
,8513 Division Rd,,Lansing,IL,60438,US,41.576686,-87.542524
,1854 Sycamore Rd,,Chicago,IL,60630,US,41.866731,-87.638918
Lakefront Towers,4940 First Ave,,Naperville,IL,60540,US,41.731563,-88.162381
,2998 Orchard Rd,,Oak Park,IL,60302,US,41.878359,-87.769185
,2175 Broad Rd,Apt 735,Chicago,IL,60641,US,41.896335,-87.642092
The Grand,6653 Commerce Ln,# 804,Chicago,IL,60613,US,41.892952,-87.626507
,1174 Madison Ave,,Champaign,IL,61820,US,40.109867,-88.250827
,9082 Park Pl,Apt 806,Chicago,IL,60613,US,41.863274,-87.610601
,2680 Lincoln Ave,# 71,Markham,IL,60428,US,41.575519,-87.676439
,7402 Brook Dr,Ste 896,Lansing,IL,60438,US,41.576729,-87.540782
,877 Central Way,,Rockford,IL,61101,US,42.279502,-89.101733
Lakeshore Drive Apts,499 State St,,Chicago,IL,60640,US,41.862844,-87.629431
,1845 High Blvd,# 205,Wheaton,IL,60187,US,41.850595,-88.117559
,2017 Sunrise Ave,,Naperville,IL,60540,US,41.754964,-88.145587
,2383 Park St,# 961,Joliet,IL,60432,US,41.524627,-88.093313
,7826 Grant Blvd,# 911,Joliet,IL,60432,US,41.514092,-88.073929
Sunrise Village,2559 University Rd,Unit 887,Decatur,IL,62523,US,39.855573,-88.942122
,3623 Valley Ct,,Chicago,IL,60657,US,41.885987,-87.616221
,2513 River Rd,,Chicago,IL,60618,US,41.874166,-87.643674
,5862 Main Ct,,Arlington Heights,IL,60004,US,42.073452,-87.979007
,5600 Oak Blvd,,Harvey,IL,60426,US,41.616067,-87.627187
The Heritage,8279 Union Pl,,Chicago,IL,60630,US,41.875139,-87.619919
,4169 Madison Ave,,Blue Island,IL,60406,US,41.655011,-87.698178
,1266 State St,,Oak Park,IL,60301,US,41.868090,-87.771471
,2945 Union Dr,,Springfield,IL,62701,US,39.800849,-89.638212
,4091 Commerce Ln,Unit 809,Mount Prospect,IL,60056,US,42.053146,-87.941836
,5268 Lake Way,# 49,Bolingbrook,IL,60440,US,41.687727,-88.068804
Lincoln Square,7284 Harvest Cir,Unit 683,Dolton,IL,60419,US,41.650338,-87.582649
Northgate Apartments,9887 Central St,Ste 440,Lansing,IL,60438,US,41.552403,-87.545459
,2031 Union Blvd,,Bolingbrook,IL,60440,US,41.697601,-88.077836
,2800 Lee St,,Orland Park,IL,60462,US,41.626755,-87.873203
,9348 High Ln,,Downers Grove,IL,60515,US,41.814019,-88.016533
,4723 Division St,Ste 463,Elgin,IL,60120,US,42.034376,-88.292407
,898 Jefferson St,,Joliet,IL,60432,US,41.528739,-88.073671
,7610 Creek Ct,,Blue Island,IL,60406,US,41.659912,-87.675858
,9697 Sixth Blvd,Apt 381,Peoria,IL,61602,US,40.682874,-89.593807
,2445 Cross Dr,,Waukegan,IL,60085,US,42.360333,-87.827360
Elmwood Manor,5005 Ridge Ave,,Naperville,IL,60540,US,41.740217,-88.136667
,283 Central Way,Ste 120,Des Plaines,IL,60016,US,42.051398,-87.880546
The Pinnacle,423 Adams Ct,,Schaumburg,IL,60193,US,42.050394,-88.102386
Elmwood Manor,3703 Birch Way,,Chicago,IL,60651,US,41.868308,-87.628158
,7438 North Cir,Apt 785,Chicago,IL,60647,US,41.878188,-87.611710
,5525 Washington Ct,Unit 68,Chicago,IL,60622,US,41.897297,-87.621495
,9260 North Ave,Apt 257,Dolton,IL,60419,US,41.649344,-87.606848
,1104 Harrison Ave,# 864,Urbana,IL,61801,US,40.113161,-88.199883
,6357 Washington Ave,Ste 216,Elgin,IL,60120,US,42.017388,-88.289030
,1019 Adams Ave,,Cicero,IL,60804,US,41.843980,-87.743046
,6169 Adams Ter,,Peoria,IL,61602,US,40.712493,-89.607469
,1451 Adams Pl,,Bloomington,IL,61701,US,40.487227,-89.001571
,5380 Lake Rd,,Springfield,IL,62701,US,39.787503,-89.643482
Sunrise Village,9995 Washington Ave,# 506,Calumet City,IL,60409,US,41.613711,-87.539109
,5497 Bridge Ave,,Chicago,IL,60657,US,41.886945,-87.629557
,8066 Hickory St,# 504,Elgin,IL,60123,US,42.016771,-88.268821
,8398 Madison Ln,,Normal,IL,61761,US,40.523457,-88.974436
,4816 Liberty St,,Peoria,IL,61602,US,40.703144,-89.587523
,6324 Evergreen Way,,Skokie,IL,60076,US,42.053260,-87.714088
,8569 Bluff St,,Calumet City,IL,60409,US,41.619840,-87.517906
,9579 Laurel St,Unit 386,Dolton,IL,60419,US,41.618883,-87.597456
,7712 Tenth Way,Ste 892,Springfield,IL,62701,US,39.786334,-89.660219
,4197 Forest St,,Schaumburg,IL,60193,US,42.043289,-88.102437
,593 Madison Cir,,Rockford,IL,61101,US,42.288720,-89.096077
,945 College Ave,# 158,Chicago,IL,60641,US,41.872206,-87.626788
,3577 East Ln,,Midlothian,IL,60445,US,41.628733,-87.742475
,6699 Washington Ave,,Oak Park,IL,60301,US,41.881300,-87.780917
,9483 Roosevelt Dr,# 575,Des Plaines,IL,60016,US,42.016182,-87.897779
The Pinnacle,1413 Harvest St,,Skokie,IL,60076,US,42.017717,-87.743144
,2815 Fern Rd,Unit 735,Blue Island,IL,60406,US,41.649098,-87.677577
,5199 Fourth Ave,# 94,Chicago,IL,60622,US,41.875304,-87.610808
,4047 Laurel Ln,Ste 705,Orland Park,IL,60462,US,41.637343,-87.849755
,501 West Ln,,Elgin,IL,60120,US,42.029855,-88.274583
,2088 Second Cir,,Evanston,IL,60202,US,42.036292,-87.671080
Park View Condos,7948 Sherman Ave,,Chicago,IL,60622,US,41.893386,-87.627596
,6480 North Dr,,Mount Prospect,IL,60056,US,42.072614,-87.927360
,9497 State Ave,,Chicago,IL,60640,US,41.881682,-87.638700
,4419 Sherman Blvd,Unit 922,Elgin,IL,60123,US,42.021286,-88.293264
,6223 King Rd,,Chicago,IL,60657,US,41.862230,-87.636105
,5383 Walnut Ave,# 619,Champaign,IL,61820,US,40.114053,-88.232265
,9667 Hickory Dr,Apt 108,Springfield,IL,62701,US,39.787464,-89.637108
Westside Commons,4720 Grant Ave,Apt 381,Chicago,IL,60614,US,41.869766,-87.622096
,3885 Creek Dr,# 201,Arlington Heights,IL,60004,US,42.085452,-87.986432
,8963 Commerce Ct,,Oak Park,IL,60301,US,41.894223,-87.783573
,3216 State St,,Naperville,IL,60540,US,41.760946,-88.146121
,7025 Grant St,,Chicago,IL,60640,US,41.869033,-87.617689
,2825 River Cir,Ste 234,Alsip,IL,60803,US,41.685721,-87.720182
,2681 Eisenhower Ter,Unit 531,Oak Park,IL,60302,US,41.900238,-87.798022
Maple Court,3104 Spring St,Apt 84,Blue Island,IL,60406,US,41.661331,-87.679343
Lincoln Square,1327 Ivy St,Ste 119,Chicago,IL,60622,US,41.886005,-87.649460
,2131 Market Pl,,Berwyn,IL,60402,US,41.848096,-87.811601
,781 Cross Dr,Unit 944,Bloomington,IL,61701,US,40.497323,-89.004598
,2587 Lincoln Pl,,Downers Grove,IL,60515,US,41.803562,-87.992246
,1727 Division Way,Ste 233,Orland Park,IL,60462,US,41.637425,-87.849492
Bucktown Row,3768 Sherman Ave,,Chicago,IL,60618,US,41.862846,-87.629811
,8944 Spring Ct,,Waukegan,IL,60085,US,42.366462,-87.827645
Sunrise Village,4370 Market Pl,,Naperville,IL,60540,US,41.736595,-88.167360
,312 Market Rd,Apt 837,Waukegan,IL,60085,US,42.376258,-87.826091
Lincoln Square,9255 Main Dr,,Mount Prospect,IL,60056,US,42.077083,-87.952545
,702 Sixth Pl,,Chicago,IL,60618,US,41.867055,-87.618369
,2812 Sixth St,,Oak Park,IL,60302,US,41.899778,-87.769554
Lakefront Towers,5323 College Dr,,Orland Park,IL,60462,US,41.644899,-87.870044
,5786 River St,,Schaumburg,IL,60193,US,42.040588,-88.066180
,2056 Eisenhower St,Apt 768,Peoria,IL,61602,US,40.698468,-89.585957
,6145 Broad St,# 994,Mount Prospect,IL,60056,US,42.082031,-87.926823
,9732 Eighth Dr,,Mount Prospect,IL,60056,US,42.076676,-87.939484
,2203 East Ave,,Chicago,IL,60640,US,41.889439,-87.640273
,3768 Walnut Ter,,Bloomington,IL,61701,US,40.484187,-88.989875
,7171 Central St,,Rockford,IL,61101,US,42.260725,-89.107769
,123 Creek Pl,,Chicago,IL,60630,US,41.875047,-87.644243
,6906 Lake Dr,Apt 151,Chicago,IL,60601,US,41.889842,-87.622394
,2359 Oak Way,,Chicago,IL,60613,US,41.867172,-87.640587
,2801 Union Ave,# 680,Orland Park,IL,60462,US,41.614257,-87.841089
,1666 Laurel Ave,,Springfield,IL,62701,US,39.800911,-89.654217
Oak Terrace,9696 Division Way,,Orland Park,IL,60462,US,41.627956,-87.868761
,1294 Laurel St,Unit 266,Elgin,IL,60123,US,42.019611,-88.268959
Bucktown Row,6813 Chestnut Ct,,Chicago,IL,60641,US,41.868428,-87.631857
,1024 Lee Ln,,Dolton,IL,60419,US,41.640408,-87.604619
,2138 Park Pl,,Waukegan,IL,60085,US,42.372421,-87.852975
,2698 Jefferson Ave,,Evanston,IL,60202,US,42.034370,-87.669269
,2530 Central Blvd,,Schaumburg,IL,60193,US,42.043926,-88.101407
,5435 Spring Rd,,Palatine,IL,60067,US,42.124819,-88.046645
,9787 Ash Ave,,Waukegan,IL,60087,US,42.355889,-87.851654
,8176 Forest Pl,,Springfield,IL,62701,US,39.798549,-89.638019
,8194 Harvest Dr,Ste 496,Chicago,IL,60601,US,41.876598,-87.647823
Navy Pier Place,4517 Brook Blvd,Apt 138,Chicago,IL,60651,US,41.889475,-87.632329
,3525 Eighth St,Unit 816,Oak Park,IL,60302,US,41.900749,-87.802864
,4953 Fourth St,,Chicago,IL,60618,US,41.885833,-87.646141
,6062 Field Rd,,Palatine,IL,60067,US,42.119732,-88.042918
,2190 Glen Pl,,Tinley Park,IL,60477,US,41.563455,-87.771605
,2780 Fifth Ave,Apt 215,Wheaton,IL,60187,US,41.873757,-88.124861
,9157 Church Ave,Unit 784,Palatine,IL,60067,US,42.123147,-88.046808
Northgate Apartments,189 Chestnut Ave,,Wheaton,IL,60187,US,41.855435,-88.097818
,9557 Ferry Dr,Unit 601,Oak Park,IL,60302,US,41.872092,-87.788963
,8370 Crest Ln,Unit 408,Chicago,IL,60622,US,41.897364,-87.619417
Northgate Apartments,8749 Creek Ave,,Chicago,IL,60625,US,41.875808,-87.629244
,6530 Wilson Rd,,Chicago,IL,60647,US,41.886709,-87.641954
,8256 Poplar Pl,,Chicago,IL,60622,US,41.860576,-87.629413
,1012 North Pl,Ste 269,Rockford,IL,61101,US,42.277543,-89.074261
,2359 Magnolia St,Ste 548,Chicago,IL,60651,US,41.867479,-87.634433
,3412 South Blvd,Apt 18,Alsip,IL,60803,US,41.682431,-87.728634
,7545 Orchard St,,Arlington Heights,IL,60004,US,42.079256,-87.963439
,7372 Hillside St,,Palatine,IL,60067,US,42.128319,-88.027508
,2427 Washington Dr,,Des Plaines,IL,60016,US,42.039320,-87.863428
,8162 Eisenhower Rd,# 858,Lansing,IL,60438,US,41.558330,-87.549841
The Pinnacle,7998 College St,,Decatur,IL,62523,US,39.851042,-88.952863
,2541 Ash Rd,Ste 544,Chicago,IL,60618,US,41.861696,-87.646698
,4850 Cedar Ln,# 747,Peoria,IL,61602,US,40.701944,-89.574158
,2461 Ivy St,,Schaumburg,IL,60193,US,42.039164,-88.072605
Riverside Plaza,2686 State St,,Joliet,IL,60432,US,41.523012,-88.071404
Westside Commons,5113 Sherman Cir,,Waukegan,IL,60085,US,42.348683,-87.859029
Logan Square Lofts,9427 Roosevelt St,,Schaumburg,IL,60193,US,42.028469,-88.082942
,3569 Sherman Ave,,Naperville,IL,60540,US,41.741704,-88.164696
Navy Pier Place,5584 Prairie Ct,Apt 442,Wheaton,IL,60187,US,41.847513,-88.125832
,1162 First Ter,,Springfield,IL,62701,US,39.792226,-89.655987
,9181 Sycamore St,,Bolingbrook,IL,60440,US,41.695270,-88.070697
,4600 Walnut Way,,Springfield,IL,62701,US,39.794903,-89.654505
,1254 Eleventh Ave,,Peoria,IL,61602,US,40.695361,-89.574035
,8228 Truman Rd,,Skokie,IL,60076,US,42.023835,-87.729487
,7906 Cedar Ct,,Chicago,IL,60601,US,41.864433,-87.629045
Logan Square Lofts,7855 Laurel Ave,,Normal,IL,61761,US,40.502382,-88.991629
,8292 Lee Dr,,Chicago,IL,60647,US,41.868751,-87.610073
The Pinnacle,2714 Sixth Pl,,Peoria,IL,61602,US,40.690210,-89.578105
,7458 Holly Ln,Unit 2,Bloomington,IL,61701,US,40.504009,-88.991224
The Heritage,9075 Park Dr,,Midlothian,IL,60445,US,41.638904,-87.732454
,867 Hillside Dr,,Chicago,IL,60630,US,41.873753,-87.614040
,1533 Bridge Ave,Unit 744,Blue Island,IL,60406,US,41.661271,-87.691010
,7933 Tenth St,Apt 773,Champaign,IL,61820,US,40.118265,-88.251098
Westside Commons,1268 Eighth Rd,Apt 235,Elgin,IL,60120,US,42.054454,-88.288842
,217 Academy Ave,Unit 288,Chicago,IL,60630,US,41.863120,-87.621521
,5460 Jackson St,,Oak Park,IL,60301,US,41.896886,-87.764900
,8188 Fifth Pl,,Chicago,IL,60641,US,41.880341,-87.623164
,7760 Cedar Dr,Apt 813,Palatine,IL,60067,US,42.097314,-88.021613
,6793 Field St,,Normal,IL,61761,US,40.510289,-88.996255
,3939 Meadow Ct,,Elgin,IL,60123,US,42.050900,-88.268638
,5117 Cross Dr,,Chicago,IL,60657,US,41.885397,-87.638066
Oak Terrace,996 Glen Dr,# 173,Arlington Heights,IL,60004,US,42.092847,-87.994429
,3794 Willow Ave,,Midlothian,IL,60445,US,41.611885,-87.741691
The Grand,6188 Second Ct,Unit 748,Chicago,IL,60640,US,41.887660,-87.641886
The Heritage,6966 Fern Ave,,Chicago,IL,60647,US,41.890073,-87.630699
,8497 College St,,Orland Park,IL,60462,US,41.636469,-87.845383
Elmwood Manor,8665 Twelfth Ave,,Mount Prospect,IL,60056,US,42.051223,-87.955348
,4618 Magnolia Ter,,Aurora,IL,60505,US,41.762846,-88.310934
,6579 Monroe Ave,,Chicago,IL,60613,US,41.892336,-87.636421
The Grand,1704 Washington Pl,# 925,Waukegan,IL,60087,US,42.358930,-87.825076
,7447 Evergreen Dr,Ste 134,Calumet City,IL,60409,US,41.606413,-87.517675
,383 Valley Blvd,Ste 399,Naperville,IL,60540,US,41.739298,-88.136443
Cedar Ridge,2807 Market Ln,# 790,Champaign,IL,61820,US,40.108437,-88.250663
,8046 Main Dr,,Chicago,IL,60641,US,41.869592,-87.614809
,1854 Harvest Dr,Ste 406,Oak Park,IL,60301,US,41.896461,-87.792613
,5077 South Rd,,Downers Grove,IL,60515,US,41.814445,-88.016373
,3912 Harrison Rd,# 372,Chicago,IL,60640,US,41.860864,-87.648038
Logan Square Lofts,1143 University Ave,,Springfield,IL,62701,US,39.796908,-89.649261
,5838 Lake Ter,,Chicago,IL,60630,US,41.876373,-87.613649
,135 Sherman Rd,,Oak Park,IL,60302,US,41.880732,-87.770120
Lakeshore Drive Apts,8378 Fourth Ter,,Bolingbrook,IL,60440,US,41.681593,-88.071548
,8695 Cross Ave,Unit 616,Bolingbrook,IL,60440,US,41.695998,-88.080779
,5355 Seventh Ln,,Springfield,IL,62701,US,39.797658,-89.658178
,1708 West Ave,,Des Plaines,IL,60016,US,42.053249,-87.889851
,5369 Hillside Cir,Ste 508,Skokie,IL,60076,US,42.037342,-87.749297
,9175 Truman St,Ste 848,Des Plaines,IL,60016,US,42.016028,-87.871556
,5924 Bluff Ter,,Chicago,IL,60641,US,41.863234,-87.614364
,5839 Academy Way,,Aurora,IL,60505,US,41.769558,-88.314234
,9813 West Ct,,Rockford,IL,61101,US,42.267526,-89.104298
Lakeshore Drive Apts,8072 Sycamore Dr,Ste 413,Waukegan,IL,60085,US,42.345788,-87.851621
,4361 Laurel St,,Normal,IL,61761,US,40.525324,-88.993297
,3416 Crest Cir,,Dolton,IL,60419,US,41.623424,-87.616378
,226 Maple Way,,Joliet,IL,60432,US,41.527307,-88.078883
,4191 Prairie Cir,Ste 162,Bloomington,IL,61701,US,40.477873,-89.011222
,496 Tenth Ave,Apt 918,Mount Prospect,IL,60056,US,42.081067,-87.954653
,493 Sherman Cir,,Midlothian,IL,60445,US,41.644937,-87.715065
Lakefront Towers,6620 Valley Way,Ste 166,Chicago,IL,60641,US,41.893549,-87.618812
,5049 Adams Rd,# 311,Palatine,IL,60067,US,42.100356,-88.031108
,9712 Sycamore Rd,,Oak Park,IL,60301,US,41.870117,-87.782255
,4197 Eighth Ln,,Chicago,IL,60625,US,41.883448,-87.622284
,6206 Fourth Ln,Unit 647,Downers Grove,IL,60515,US,41.806472,-88.023185
,5305 Lee St,,Tinley Park,IL,60477,US,41.577568,-87.782615
,2695 Garden Ct,,Chicago,IL,60622,US,41.894247,-87.613030
Lakeshore Drive Apts,1371 Hillside Blvd,Apt 162,Chicago,IL,60630,US,41.870592,-87.646365
,2087 River St,Unit 32,Chicago,IL,60657,US,41.877302,-87.615446
,6965 Harrison Ct,# 717,Aurora,IL,60505,US,41.775880,-88.315352
The Pinnacle,1511 Division Rd,,Elgin,IL,60123,US,42.039350,-88.289169
,155 Sherman Blvd,# 100,Bloomington,IL,61701,US,40.495217,-88.981314
,3790 Meadow Ave,,Wheaton,IL,60187,US,41.877027,-88.097298
,7249 Mill Ave,,Bolingbrook,IL,60440,US,41.690075,-88.070282
,4545 Walnut Ave,,Des Plaines,IL,60016,US,42.041347,-87.888287
,7804 Walnut Cir,Ste 604,Elgin,IL,60123,US,42.029412,-88.295449
,2548 Ridge Ave,Apt 89,Berwyn,IL,60402,US,41.864950,-87.793809
,467 Grant Rd,,Elgin,IL,60123,US,42.029131,-88.286609
,7412 Central Ter,Ste 175,Arlington Heights,IL,60004,US,42.082385,-87.978582
,2790 Ivy Ave,Apt 918,Tinley Park,IL,60477,US,41.591536,-87.791432
,9054 Wilson Ave,,Bolingbrook,IL,60440,US,41.696939,-88.076621
,2211 Ninth Ln,Unit 816,Berwyn,IL,60402,US,41.855596,-87.797962
,707 First St,Unit 300,Blue Island,IL,60406,US,41.657843,-87.694195
,6293 Commerce Dr,,Alsip,IL,60803,US,41.656248,-87.726704
,1863 King Ct,Unit 860,Des Plaines,IL,60016,US,42.053184,-87.896763
,6588 Ferry Ave,,Downers Grove,IL,60515,US,41.815668,-87.995578
Lincoln Square,7176 Kennedy Dr,,Bolingbrook,IL,60440,US,41.700836,-88.072168
,5513 King Dr,Unit 806,Peoria,IL,61602,US,40.697829,-89.592918
,4253 Pine St,,Blue Island,IL,60406,US,41.667850,-87.678457
,780 Park Ct,,Midlothian,IL,60445,US,41.615572,-87.720387
Logan Square Lofts,8460 Willow Dr,Ste 682,Rockford,IL,61101,US,42.287615,-89.113706
,8224 Fourth Ave,Apt 318,Palatine,IL,60067,US,42.116117,-88.049479
Lakefront Towers,5770 Central Rd,# 234,Des Plaines,IL,60016,US,42.042525,-87.898328
,776 Lake St,,Chicago,IL,60641,US,41.885839,-87.612898
Bucktown Row,9593 Market Cir,,Chicago,IL,60613,US,41.867970,-87.615932
,4738 College Ave,,Orland Park,IL,60462,US,41.620030,-87.837370
Wabash Commons,4122 College Cir,Ste 262,Dolton,IL,60419,US,41.625780,-87.614014
,3401 Sunset St,Apt 754,Urbana,IL,61801,US,40.119582,-88.208880
Wabash Commons,8891 Sage Pl,,Oak Park,IL,60302,US,41.883039,-87.798651
Elmwood Manor,2027 Willow Rd,# 994,Normal,IL,61761,US,40.532999,-89.005494
,2911 Chestnut Ct,Apt 862,Arlington Heights,IL,60004,US,42.081617,-87.970976
,5379 Lake Rd,,Chicago,IL,60641,US,41.894580,-87.609951
,2841 Sycamore Dr,,Normal,IL,61761,US,40.506905,-88.975807
,7653 Willow Rd,# 733,Alsip,IL,60803,US,41.669290,-87.727402
,9779 Hickory Dr,,Tinley Park,IL,60477,US,41.588625,-87.767206
,5188 Mill Ln,,Evanston,IL,60201,US,42.041847,-87.686058
,5612 Washington St,Ste 876,Chicago,IL,60657,US,41.862499,-87.631742
,9711 Ferry Dr,,Chicago,IL,60613,US,41.868339,-87.616334
,2981 Field St,Apt 97,Cicero,IL,60804,US,41.828232,-87.742536
Sunrise Village,9090 Magnolia Ave,Apt 117,Chicago,IL,60625,US,41.887917,-87.646063
,2381 Lake Blvd,Unit 573,Des Plaines,IL,60016,US,42.039109,-87.869957
,3129 High Pl,,Arlington Heights,IL,60004,US,42.087673,-87.968046
,3428 South St,,Alsip,IL,60803,US,41.665557,-87.730850
,8026 Valley Ct,Ste 458,Cicero,IL,60804,US,41.847422,-87.764628
,2241 Pine Ave,,Alsip,IL,60803,US,41.684276,-87.718669
,1073 Ivy Ave,Unit 680,Springfield,IL,62701,US,39.774844,-89.635552
,6863 Cross Ln,Ste 626,Chicago,IL,60625,US,41.888268,-87.620290
,4682 Fern Ct,Unit 445,Chicago,IL,60613,US,41.878167,-87.630199
,1111 Maple Ter,,Chicago,IL,60657,US,41.872603,-87.618474
The Pinnacle,7001 Cedar Ave,# 875,Dolton,IL,60419,US,41.627255,-87.612452
,1200 Eleventh Cir,,Elgin,IL,60123,US,42.055027,-88.296368
Northgate Apartments,4502 Central Rd,,Dolton,IL,60419,US,41.627307,-87.594390
Sunrise Village,7205 Ivy Way,# 210,Lansing,IL,60438,US,41.565754,-87.536703
,3398 Market Rd,Ste 435,Bolingbrook,IL,60440,US,41.710088,-88.083569
,1983 Park Blvd,Apt 834,Normal,IL,61761,US,40.507551,-89.004675
,2271 Central St,,Chicago,IL,60622,US,41.876432,-87.627069
,6679 Pine Rd,Ste 991,Waukegan,IL,60087,US,42.363659,-87.835282
,1273 Jackson St,,Mount Prospect,IL,60056,US,42.065931,-87.936185
,7219 Division Rd,,Oak Park,IL,60301,US,41.882960,-87.788788
,8481 Sunset St,,Chicago,IL,60641,US,41.887637,-87.636338
,3396 Harvest Ave,# 573,Evanston,IL,60201,US,42.054419,-87.689893
,9068 University Ct,,Berwyn,IL,60402,US,41.844307,-87.789872
,2015 Kennedy Cir,Apt 877,Chicago,IL,60625,US,41.875032,-87.614183
Lakefront Towers,7652 Sunrise Blvd,,Naperville,IL,60540,US,41.767806,-88.148324
,5898 Brook Ln,,Skokie,IL,60076,US,42.034602,-87.752233
,421 Orchard Ln,Apt 177,Tinley Park,IL,60477,US,41.559904,-87.776529
,7742 Division Rd,,Palatine,IL,60067,US,42.100358,-88.042541
,3395 Lee Ter,,Chicago,IL,60640,US,41.865687,-87.637156
,9648 University Ave,Ste 541,Oak Park,IL,60302,US,41.867357,-87.788070
,5582 Holly Ct,Ste 389,Bloomington,IL,61701,US,40.477401,-89.006116
,8885 Fern Ct,,Downers Grove,IL,60515,US,41.823490,-88.010960
,1959 Grant St,,Mount Prospect,IL,60056,US,42.058671,-87.929056
,3562 College Rd,Unit 109,Des Plaines,IL,60016,US,42.050507,-87.879408
,1835 Prairie Blvd,Unit 813,Alsip,IL,60803,US,41.679697,-87.733985
,3160 Creek Ln,,Cicero,IL,60804,US,41.859300,-87.745664
Wabash Commons,3929 Jefferson Way,,Decatur,IL,62523,US,39.859071,-88.949320
,5096 Central Ave,,Elgin,IL,60120,US,42.028558,-88.280642
,7721 Sunset Ct,Ste 577,Oak Park,IL,60302,US,41.877836,-87.783822
,3779 Eleventh Ln,# 376,Chicago,IL,60614,US,41.873529,-87.629409
Lakefront Towers,210 Lake St,Apt 156,Chicago,IL,60601,US,41.864699,-87.634802
,5349 Prairie Ave,Ste 929,Waukegan,IL,60087,US,42.373400,-87.852020
Wabash Commons,2391 Commerce Way,,Bloomington,IL,61701,US,40.482442,-88.975871
,7966 West Ct,,Arlington Heights,IL,60004,US,42.078541,-87.975397
Sunrise Village,8758 Evergreen Blvd,Ste 245,Chicago,IL,60625,US,41.882743,-87.636700
,3970 Sycamore St,,Chicago,IL,60647,US,41.866712,-87.627400
,1928 Brook Pl,# 834,Dolton,IL,60419,US,41.653140,-87.590379
,9904 Eleventh Ln,# 282,Downers Grove,IL,60515,US,41.826580,-88.003084
,5128 Harvest Ave,,Naperville,IL,60540,US,41.742049,-88.150739
,3683 Ferry Pl,,Des Plaines,IL,60016,US,42.020061,-87.891510
,8546 Seventh Rd,,Chicago,IL,60651,US,41.888788,-87.612421
,707 Eleventh St,,Elgin,IL,60123,US,42.042015,-88.282187
,1864 Liberty St,Apt 788,Skokie,IL,60076,US,42.050196,-87.746257
,1856 Academy Rd,# 105,Springfield,IL,62701,US,39.793910,-89.668611
,3578 South Ave,,Urbana,IL,61801,US,40.124105,-88.215943
,8628 Wilson Ct,,Oak Park,IL,60301,US,41.888201,-87.785096
,1041 Lincoln Cir,,Elgin,IL,60123,US,42.044172,-88.286987
,3647 West Rd,# 753,Blue Island,IL,60406,US,41.640719,-87.692250
,7852 Park Pl,Apt 254,Decatur,IL,62523,US,39.823298,-88.959788
,1426 Meadow Pl,Unit 852,Chicago,IL,60640,US,41.896928,-87.628483
Lakeshore Drive Apts,8771 Harvest Cir,Ste 652,Urbana,IL,61801,US,40.129960,-88.205044
,5898 Forest Ln,Ste 512,Wheaton,IL,60187,US,41.852447,-88.095624
Westside Commons,1683 Sage Ter,,Chicago,IL,60641,US,41.859789,-87.616038
,8242 Broad St,Unit 759,Elgin,IL,60123,US,42.043376,-88.295911
,2483 Creek Ct,,Calumet City,IL,60409,US,41.630506,-87.512407
,2338 Third Pl,,Blue Island,IL,60406,US,41.661956,-87.678639
,7204 North Pl,Ste 570,Springfield,IL,62701,US,39.779547,-89.658742
,2924 Ferry Rd,Apt 563,Naperville,IL,60540,US,41.744267,-88.135242
,2019 Elm Dr,,Tinley Park,IL,60477,US,41.564606,-87.797406
,8327 Jackson Rd,,Oak Park,IL,60302,US,41.900816,-87.798868
,915 South Ter,,Naperville,IL,60540,US,41.760113,-88.173354
,8627 Hill Dr,,Decatur,IL,62523,US,39.853718,-88.963448
,1066 Bluff Pl,Unit 89,Chicago,IL,60657,US,41.882178,-87.648104
,9753 Harvest Rd,,Urbana,IL,61801,US,40.119405,-88.226510
Sunrise Village,9090 Ferry Ave,,Harvey,IL,60426,US,41.619827,-87.644368
,3803 West Ave,,Evanston,IL,60202,US,42.055793,-87.690922
,729 Truman Ln,,Chicago,IL,60630,US,41.888044,-87.645483
,8049 Poplar Way,# 600,Tinley Park,IL,60477,US,41.581415,-87.796250
,6307 Holly Ave,,Lansing,IL,60438,US,41.562361,-87.552349
,6749 Bluff Blvd,,Waukegan,IL,60087,US,42.348462,-87.828583
,6257 Sycamore Ct,,Chicago,IL,60657,US,41.864006,-87.640425
Riverside Plaza,9582 Monroe Blvd,,Oak Park,IL,60301,US,41.895652,-87.770821
,9382 Seventh Pl,,Alsip,IL,60803,US,41.675242,-87.721370
,1989 Jackson Ct,Ste 880,Markham,IL,60428,US,41.598045,-87.703189
,9426 Sherman Way,,Palatine,IL,60067,US,42.121723,-88.045903
,4592 Fourth Ave,,Evanston,IL,60202,US,42.064041,-87.691558
,6148 Walnut Dr,# 697,Waukegan,IL,60087,US,42.348083,-87.855348
,8739 Maple Rd,Unit 578,Skokie,IL,60076,US,42.048273,-87.715345
,3501 Ivy Ave,Apt 704,Rockford,IL,61101,US,42.264793,-89.097958
,4265 Second Pl,,Schaumburg,IL,60193,US,42.014731,-88.063663
,2644 Fourth Blvd,,Chicago,IL,60614,US,41.896210,-87.610571
,561 Poplar Ave,Ste 665,Midlothian,IL,60445,US,41.621837,-87.712012
,4554 Brook St,,Decatur,IL,62523,US,39.835530,-88.963188
,7772 Evergreen Ter,Ste 474,Chicago,IL,60640,US,41.869795,-87.634560
,1900 High Pl,,Cicero,IL,60804,US,41.830091,-87.747442
,9714 University Dr,,Evanston,IL,60201,US,42.030842,-87.687617
Riverside Plaza,3258 Walnut Blvd,,Joliet,IL,60432,US,41.528937,-88.074633
,3486 Eisenhower Ave,# 506,Midlothian,IL,60445,US,41.618732,-87.720456
,7868 Sherman Dr,Apt 762,Des Plaines,IL,60016,US,42.019064,-87.880007
,7248 Meadow Ave,# 833,Elgin,IL,60123,US,42.049561,-88.274964
Sunrise Village,3171 Jefferson Ct,,Decatur,IL,62523,US,39.825991,-88.942754
,2418 Forest Ln,Unit 115,Oak Park,IL,60301,US,41.867177,-87.776201
,5162 Madison Ct,,Tinley Park,IL,60477,US,41.566963,-87.766191
,6915 East St,,Evanston,IL,60201,US,42.037087,-87.703239
,3050 Evergreen Dr,Ste 335,Palatine,IL,60067,US,42.129719,-88.044423
,4133 Academy Rd,Ste 908,Downers Grove,IL,60515,US,41.808094,-88.025648
,7582 Eisenhower Rd,,Waukegan,IL,60085,US,42.381451,-87.861534
The Grand,8331 University Rd,,Oak Park,IL,60302,US,41.865385,-87.795224
,8383 Elm Dr,# 900,Orland Park,IL,60462,US,41.625274,-87.849106
,3718 Cedar Way,,Urbana,IL,61801,US,40.090690,-88.187409
Northgate Apartments,513 Chestnut Rd,,Chicago,IL,60651,US,41.869841,-87.614922
Lincoln Square,8399 Market Blvd,Apt 308,Chicago,IL,60622,US,41.880950,-87.645003
,6340 Birch St,,Chicago,IL,60651,US,41.869814,-87.644844
,2472 University Ter,,Bolingbrook,IL,60440,US,41.679408,-88.050819
,9889 Broad St,,Bloomington,IL,61701,US,40.470531,-88.977325
Riverside Plaza,2985 Hickory Ave,,Decatur,IL,62523,US,39.839953,-88.949175
,7291 Chestnut St,,Blue Island,IL,60406,US,41.641882,-87.665043
,9389 Garden St,Ste 356,Evanston,IL,60201,US,42.056838,-87.697291
,9594 Chestnut Ln,Apt 783,Dolton,IL,60419,US,41.619629,-87.589328
,6527 Evergreen St,# 285,Oak Park,IL,60301,US,41.889802,-87.765859
,3488 Chestnut Blvd,Apt 979,Waukegan,IL,60087,US,42.347283,-87.863453
,2703 Elm Ct,Ste 344,Mount Prospect,IL,60056,US,42.076316,-87.944978
,4953 Ivy Blvd,,Bolingbrook,IL,60440,US,41.706080,-88.078269
,278 Bluff Pl,,Elgin,IL,60120,US,42.020887,-88.286706
,7498 Laurel St,,Peoria,IL,61602,US,40.681960,-89.577157
,7120 First Dr,,Chicago,IL,60625,US,41.880628,-87.641231
,1019 Hillside Pl,,Chicago,IL,60625,US,41.878496,-87.620470
,5965 Ridge Cir,,Chicago,IL,60622,US,41.862140,-87.629809
,3936 Lincoln Ct,,Elgin,IL,60120,US,42.047377,-88.296450
,7478 Liberty Rd,Ste 328,Orland Park,IL,60462,US,41.649713,-87.836362
,7311 Hillside Ln,,Evanston,IL,60201,US,42.060986,-87.673374
,3437 Valley Ave,,Mount Prospect,IL,60056,US,42.068784,-87.935309
,784 Lincoln Rd,Ste 936,Chicago,IL,60647,US,41.875091,-87.630329
,3739 Pine Rd,,Aurora,IL,60505,US,41.760066,-88.316197
Northgate Apartments,8039 University St,,Waukegan,IL,60087,US,42.351377,-87.848376
,6164 Harvest St,Ste 270,Oak Park,IL,60301,US,41.873987,-87.792710
,6836 Main Ln,,Calumet City,IL,60409,US,41.624536,-87.510775
,5894 Harrison Blvd,Ste 434,Evanston,IL,60201,US,42.046944,-87.700440
The Heritage,8080 Sycamore Pl,# 729,Peoria,IL,61602,US,40.678452,-89.575363
,1402 Lee Ct,,Chicago,IL,60614,US,41.886418,-87.648781
Lakeshore Drive Apts,1562 Jefferson Ct,Ste 978,Chicago,IL,60625,US,41.875097,-87.619737
Oak Terrace,6404 Roosevelt Ter,Ste 962,Waukegan,IL,60087,US,42.357263,-87.845532
,1933 Broad Ter,,Evanston,IL,60202,US,42.046969,-87.682241
,6987 Oak Ave,,Oak Park,IL,60302,US,41.877794,-87.766074
,377 Pine Pl,,Berwyn,IL,60402,US,41.838689,-87.811814
,6335 Church Ave,Unit 15,Chicago,IL,60601,US,41.862806,-87.633509
,2962 Tenth Way,,Alsip,IL,60803,US,41.658195,-87.731877
,5864 Lake Ln,,Tinley Park,IL,60477,US,41.570340,-87.768225
Riverside Plaza,2209 Market Ter,,Rockford,IL,61101,US,42.286538,-89.077646
,8219 Ferry Dr,Unit 696,Skokie,IL,60076,US,42.016227,-87.730063
,5839 Laurel Ct,,Arlington Heights,IL,60004,US,42.103532,-87.986228
,3236 Crest Rd,,Schaumburg,IL,60193,US,42.029237,-88.085169
Park View Condos,1689 River Way,Apt 658,Wheaton,IL,60187,US,41.866555,-88.090891
,4414 Roosevelt Dr,# 661,Peoria,IL,61602,US,40.705750,-89.598298
,4350 Sage Ave,,Tinley Park,IL,60477,US,41.578346,-87.800276
,3314 Market Pl,,Alsip,IL,60803,US,41.648878,-87.714747
,4109 King Dr,,Aurora,IL,60505,US,41.762516,-88.316016
,9211 Fern Ave,Ste 485,Elgin,IL,60120,US,42.029172,-88.279494
,5666 Second St,Apt 153,Arlington Heights,IL,60004,US,42.086594,-87.983365
,8893 State Ave,Apt 110,Arlington Heights,IL,60004,US,42.096620,-87.984616
,3664 Broad Ct,,Alsip,IL,60803,US,41.651341,-87.720476
Sunrise Village,7231 Fourth Ct,Ste 572,Berwyn,IL,60402,US,41.859574,-87.812362
,1219 Madison Ave,Apt 383,Chicago,IL,60630,US,41.896651,-87.615034
,5505 Oak Blvd,Apt 637,Chicago,IL,60657,US,41.892836,-87.632658
,1914 Glen Cir,,Decatur,IL,62523,US,39.831369,-88.950301
The Grand,5314 Church Ave,,Elgin,IL,60123,US,42.020312,-88.286209
,2380 Sage Ave,,Blue Island,IL,60406,US,41.660143,-87.683251
,9014 State Rd,,Wheaton,IL,60187,US,41.858171,-88.111891
,8494 Field Rd,Unit 16,Decatur,IL,62523,US,39.841642,-88.956379
,6572 Poplar Ave,,Aurora,IL,60505,US,41.763430,-88.303990
,2854 Madison St,,Aurora,IL,60505,US,41.763969,-88.323645
,7192 Park Ave,Apt 47,Naperville,IL,60540,US,41.764393,-88.173175
,422 Second Way,,Elgin,IL,60123,US,42.020476,-88.275742
Sunrise Village,2511 Eighth Ave,# 255,Elgin,IL,60123,US,42.024161,-88.278273
Wicker Park Flats,787 University Way,,Markham,IL,60428,US,41.593433,-87.696548
,1459 Mill St,Ste 357,Markham,IL,60428,US,41.596447,-87.701625
,6847 Laurel St,Ste 517,Elgin,IL,60123,US,42.039845,-88.300051
,8098 Birch Ave,,Evanston,IL,60202,US,42.031824,-87.695197
,4018 Ash St,,Evanston,IL,60201,US,42.041772,-87.670319
,8329 Holly Rd,Unit 738,Markham,IL,60428,US,41.572408,-87.685918
,7180 Kennedy Rd,Ste 800,Chicago,IL,60641,US,41.874255,-87.638877
,6345 Commerce Cir,Apt 358,Wheaton,IL,60187,US,41.880336,-88.103429
,6368 University Dr,,Champaign,IL,61820,US,40.133782,-88.228688
,6754 Ash Rd,,Markham,IL,60428,US,41.572232,-87.689404
,7375 Second Dr,,Naperville,IL,60540,US,41.747324,-88.137389
,8418 East Ave,,Joliet,IL,60432,US,41.506508,-88.091629
Wicker Park Flats,8850 Madison Ave,,Waukegan,IL,60087,US,42.345949,-87.830783
,3447 Forest St,,Chicago,IL,60651,US,41.866413,-87.640713
Navy Pier Place,8946 Orchard Rd,,Blue Island,IL,60406,US,41.666861,-87.680535
,3491 State Ln,# 222,Normal,IL,61761,US,40.504355,-89.010301
Lincoln Square,4127 Orchard St,Unit 153,Champaign,IL,61820,US,40.113072,-88.249169
,5833 Park Ln,,Rockford,IL,61101,US,42.264734,-89.086368
,2462 Fifth St,# 418,Harvey,IL,60426,US,41.604542,-87.656129
,1939 Sycamore Rd,# 839,Chicago,IL,60641,US,41.896491,-87.626862
,2816 Ninth Dr,# 829,Schaumburg,IL,60193,US,42.047100,-88.078180
,4215 Valley Ln,,Chicago,IL,60647,US,41.875919,-87.630890
,1083 Hickory Dr,,Blue Island,IL,60406,US,41.641390,-87.669234
,1366 Roosevelt Ave,,Tinley Park,IL,60477,US,41.558839,-87.766293
Wabash Commons,861 Hickory Ave,,Bolingbrook,IL,60440,US,41.715249,-88.070857
,3675 Lake Pl,,Bloomington,IL,61701,US,40.483889,-89.006312
,9344 Ninth Ter,,Waukegan,IL,60085,US,42.355352,-87.855650
,7372 South Ln,,Markham,IL,60428,US,41.592831,-87.701003
,6785 Ninth Dr,Unit 981,Tinley Park,IL,60477,US,41.589041,-87.781274
Lincoln Square,2117 Sunrise Ter,Ste 290,Mount Prospect,IL,60056,US,42.071713,-87.931784
,842 Brook Ter,# 902,Chicago,IL,60613,US,41.895177,-87.618690
,3953 Broad Cir,Ste 237,Arlington Heights,IL,60004,US,42.083510,-87.979086
,6659 Eighth Ave,,Tinley Park,IL,60477,US,41.589123,-87.787984
,7805 Crest Rd,# 957,Joliet,IL,60432,US,41.544961,-88.092585
Riverside Plaza,1316 Madison Way,,Oak Park,IL,60302,US,41.885195,-87.785173
,8227 Third Ct,,Skokie,IL,60076,US,42.043436,-87.714485
,6439 Lee Rd,Apt 399,Chicago,IL,60657,US,41.866802,-87.616143
,9965 Lake Cir,,Evanston,IL,60202,US,42.027658,-87.682434
,3999 Bluff Dr,# 138,Waukegan,IL,60085,US,42.350496,-87.857505
,3754 Central Rd,,Chicago,IL,60622,US,41.876889,-87.618844
,4043 Orchard Ct,,Chicago,IL,60622,US,41.894068,-87.637150
,3058 Jackson Blvd,,Harvey,IL,60426,US,41.612637,-87.633993
,6028 Crest Ct,,Cicero,IL,60804,US,41.858803,-87.768363
Elmwood Manor,9120 Lake Rd,,Chicago,IL,60618,US,41.879569,-87.614175
,7334 Central St,,Wheaton,IL,60187,US,41.874426,-88.094282
,6165 Laurel Rd,# 56,Chicago,IL,60647,US,41.897893,-87.635085
,7874 Division Ave,Unit 108,Alsip,IL,60803,US,41.660258,-87.732878
,6677 Hickory Ter,,Oak Park,IL,60301,US,41.871403,-87.792909
Riverside Plaza,4711 Commerce St,,Normal,IL,61761,US,40.498821,-88.996023
,3153 Walnut Ave,,Chicago,IL,60647,US,41.883734,-87.645294
,7725 Lee Ave,,Chicago,IL,60618,US,41.885995,-87.629124
Lincoln Square,9496 Sherman Pl,Apt 612,Chicago,IL,60622,US,41.871443,-87.629966
,8913 Washington Rd,Ste 609,Chicago,IL,60613,US,41.869471,-87.633605
,1888 Bluff Rd,Unit 732,Oak Park,IL,60301,US,41.873236,-87.801385
,6258 Ivy Way,Apt 25,Chicago,IL,60614,US,41.878317,-87.617898
,6588 Hickory St,,Urbana,IL,61801,US,40.129776,-88.209503
,648 Glen Pl,,Decatur,IL,62523,US,39.828886,-88.969237
,5088 South Ave,,Normal,IL,61761,US,40.533294,-88.980802
,6781 Lake Ave,Unit 95,Chicago,IL,60625,US,41.865779,-87.649206
,2255 West Dr,Unit 320,Palatine,IL,60067,US,42.116421,-88.027983
,8834 Harrison Ln,,Midlothian,IL,60445,US,41.641008,-87.722242
,4135 Creek Dr,Ste 524,Mount Prospect,IL,60056,US,42.068978,-87.932388
,8824 Seventh Way,,Oak Park,IL,60302,US,41.886163,-87.775546
,962 Glen Ave,,Chicago,IL,60625,US,41.890537,-87.622527
,9392 Pine Ter,,Oak Park,IL,60301,US,41.882628,-87.795992
,9466 College Ct,,Peoria,IL,61602,US,40.681485,-89.603685
,8022 Park Ter,# 295,Chicago,IL,60618,US,41.862855,-87.615197
Sunrise Village,2645 Lincoln St,,Decatur,IL,62523,US,39.845921,-88.936580
,1494 Hillside St,,Chicago,IL,60640,US,41.880123,-87.645341
Elmwood Manor,3364 Broad Ave,Apt 170,Blue Island,IL,60406,US,41.661291,-87.667752
Wicker Park Flats,6872 Valley St,,Lansing,IL,60438,US,41.582825,-87.553997
,9435 Adams St,,Chicago,IL,60601,US,41.876215,-87.616263
,9885 Cedar Ct,Apt 762,Des Plaines,IL,60016,US,42.040578,-87.863458
,367 South St,,Schaumburg,IL,60193,US,42.027504,-88.071667
,8495 Hickory St,# 116,Joliet,IL,60432,US,41.507607,-88.062730
,4943 Lee Rd,,Tinley Park,IL,60477,US,41.578609,-87.803440
,247 University Rd,,Chicago,IL,60640,US,41.879417,-87.619066
,5638 Sherman Dr,# 828,Bolingbrook,IL,60440,US,41.676519,-88.060941
,4210 Tenth Blvd,# 209,Berwyn,IL,60402,US,41.837373,-87.779515
,1521 Hickory Ter,Ste 202,Chicago,IL,60640,US,41.865341,-87.631372
,7808 Orchard Cir,Ste 213,Naperville,IL,60540,US,41.751630,-88.150971
,8571 Market Pl,Unit 273,Orland Park,IL,60462,US,41.630171,-87.847525
,1259 Meadow Ct,,Chicago,IL,60614,US,41.876614,-87.620581
,507 Sunrise St,Unit 180,Chicago,IL,60651,US,41.887904,-87.610078
,9998 East Rd,# 782,Evanston,IL,60201,US,42.036702,-87.679499
Maple Court,7896 Eleventh Ave,# 411,Springfield,IL,62701,US,39.774286,-89.634622
,1895 Brook Blvd,Unit 436,Naperville,IL,60540,US,41.747415,-88.141959
,5642 Twelfth Pl,Unit 842,Bloomington,IL,61701,US,40.476648,-89.009094
,6779 Second Ave,,Decatur,IL,62523,US,39.833142,-88.957233
,3881 Ivy St,Unit 906,Chicago,IL,60647,US,41.866436,-87.635092
,9876 Prairie Ave,,Urbana,IL,61801,US,40.116639,-88.194664
Navy Pier Place,9564 South Ln,,Alsip,IL,60803,US,41.662679,-87.734535
,5739 First Dr,,Chicago,IL,60641,US,41.881508,-87.630140
,9179 First Dr,# 806,Waukegan,IL,60087,US,42.358091,-87.827967
,7808 Ridge Pl,,Joliet,IL,60432,US,41.540498,-88.085179
,7228 Lee Ter,Ste 164,Downers Grove,IL,60515,US,41.818568,-88.003151
,3324 Hillside Ave,,Harvey,IL,60426,US,41.600637,-87.649214
Northgate Apartments,9555 Third St,,Wheaton,IL,60187,US,41.855073,-88.102455
,6259 Bluff Ave,Unit 970,Des Plaines,IL,60016,US,42.050937,-87.902640
Wabash Commons,764 Cross Blvd,,Chicago,IL,60641,US,41.892554,-87.646685
,632 Seventh Ter,Ste 726,Mount Prospect,IL,60056,US,42.068075,-87.922005
,6775 Tenth St,,Markham,IL,60428,US,41.606810,-87.694153
,8946 East Rd,# 342,Bloomington,IL,61701,US,40.495308,-88.983718
,9021 Second Rd,Ste 825,Wheaton,IL,60187,US,41.870539,-88.096741
,2244 Valley St,# 841,Arlington Heights,IL,60004,US,42.085702,-87.982253
,7057 Ivy Pl,,Mount Prospect,IL,60056,US,42.084485,-87.939255
,8316 Hill Ln,,Oak Park,IL,60302,US,41.891650,-87.802609
,6673 Magnolia Dr,,Decatur,IL,62523,US,39.857403,-88.938731
Logan Square Lofts,4746 Sunrise Pl,,Champaign,IL,61820,US,40.124661,-88.238226
,5892 Main Blvd,,Bloomington,IL,61701,US,40.467594,-88.983062
,5765 Glen St,,Chicago,IL,60651,US,41.871769,-87.644011
,6094 Lincoln Blvd,,Oak Park,IL,60302,US,41.892397,-87.772244
,4147 Sherman Ln,,Midlothian,IL,60445,US,41.639987,-87.731353
,2594 Hickory Pl,# 392,Elgin,IL,60123,US,42.016198,-88.280390
,9914 Birch Way,,Waukegan,IL,60085,US,42.354412,-87.851215
,2358 Valley St,Ste 55,Wheaton,IL,60187,US,41.859653,-88.107003
,1744 Forest Dr,,Downers Grove,IL,60515,US,41.792535,-88.019456
,712 Market Ct,,Oak Park,IL,60302,US,41.872473,-87.772381
,9633 Grant Ave,Apt 728,Normal,IL,61761,US,40.532648,-89.007284
Lakefront Towers,3847 Church Blvd,,Normal,IL,61761,US,40.496981,-88.986521
,5016 Park Rd,,Harvey,IL,60426,US,41.612907,-87.646387
,2275 Twelfth Ct,Unit 175,Skokie,IL,60076,US,42.048668,-87.729211
,2536 Meadow St,,Des Plaines,IL,60016,US,42.027144,-87.868242
,9511 Orchard Pl,Unit 447,Blue Island,IL,60406,US,41.655479,-87.683165
,7207 Harrison St,,Chicago,IL,60630,US,41.871481,-87.647461
,1248 Monroe St,Ste 983,Berwyn,IL,60402,US,41.830753,-87.784100
Navy Pier Place,5964 Sycamore St,,Chicago,IL,60640,US,41.866346,-87.609856
Sunrise Village,8653 Liberty St,,Chicago,IL,60630,US,41.887031,-87.629510
,9281 East St,Unit 86,Champaign,IL,61820,US,40.125240,-88.259193
,5836 Ash Ave,,Normal,IL,61761,US,40.508376,-88.988323
,4888 North Ct,,Evanston,IL,60202,US,42.053055,-87.707519
,1293 State Way,,Chicago,IL,60618,US,41.885612,-87.633507
,7398 Ivy Ave,,Chicago,IL,60618,US,41.880797,-87.628127
Park View Condos,9100 Cedar St,,Springfield,IL,62701,US,39.781615,-89.663415
,8920 First Ave,,Chicago,IL,60622,US,41.894007,-87.646238
,9917 Lake Rd,,Chicago,IL,60625,US,41.858689,-87.618831
,9868 Eighth Rd,,Midlothian,IL,60445,US,41.628529,-87.724077
,8967 Valley Ln,,Arlington Heights,IL,60004,US,42.075830,-87.961887
,3192 State Way,# 137,Mount Prospect,IL,60056,US,42.063646,-87.948316
,7853 Jackson Ln,,Bloomington,IL,61701,US,40.473929,-88.982350
,4341 Academy Pl,,Aurora,IL,60505,US,41.767497,-88.315756
,7527 King Ave,Apt 15,Lansing,IL,60438,US,41.558218,-87.540528
,9416 Jackson Rd,# 309,Midlothian,IL,60445,US,41.612711,-87.738634
,1278 State Ave,,Chicago,IL,60601,US,41.869698,-87.615281
,912 Jackson St,,Chicago,IL,60613,US,41.881281,-87.641513
,8136 Laurel Rd,Apt 168,Chicago,IL,60640,US,41.882765,-87.637619
,6061 Birch Ter,,Orland Park,IL,60462,US,41.649805,-87.872543
,7613 Division Ave,,Chicago,IL,60657,US,41.879264,-87.620546
,3718 Hill St,,Chicago,IL,60657,US,41.868006,-87.642467
,8624 Lincoln Ave,Unit 9,Bloomington,IL,61701,US,40.483698,-88.975142
The Heritage,954 Crest Blvd,Apt 348,Lansing,IL,60438,US,41.565879,-87.547240
,6901 Hickory St,Unit 850,Peoria,IL,61602,US,40.691003,-89.578839
,1464 Pine St,Unit 175,Arlington Heights,IL,60004,US,42.088468,-87.970042
,753 Eighth St,,Waukegan,IL,60087,US,42.381341,-87.854488
,9311 Wilson Ct,,Des Plaines,IL,60016,US,42.021109,-87.875357
,2760 Sherman St,Apt 198,Joliet,IL,60432,US,41.536500,-88.077376
,7239 Bluff Pl,# 458,Chicago,IL,60641,US,41.885665,-87.647298
Wicker Park Flats,8458 Ivy Rd,# 494,Chicago,IL,60641,US,41.886765,-87.628268
,6011 Hill Dr,# 760,Bolingbrook,IL,60440,US,41.713972,-88.053043
,922 Main St,Unit 72,Tinley Park,IL,60477,US,41.570652,-87.795562
Cedar Ridge,5349 Wilson Ln,,Normal,IL,61761,US,40.510224,-88.992670
,5675 Crest Ter,Unit 621,Blue Island,IL,60406,US,41.641045,-87.697819
Oak Terrace,6194 Sixth Ter,,Berwyn,IL,60402,US,41.846025,-87.808452
,1729 Third Ave,,Berwyn,IL,60402,US,41.856371,-87.803248
,9320 Maple Ave,Ste 520,Skokie,IL,60076,US,42.023528,-87.724300
,2671 Lake Ct,Apt 301,Downers Grove,IL,60515,US,41.796709,-88.005220
,912 Poplar St,,Evanston,IL,60201,US,42.058487,-87.694223
Navy Pier Place,9542 Wilson Way,Apt 636,Chicago,IL,60614,US,41.896290,-87.636089
,5319 Magnolia Cir,,Orland Park,IL,60462,US,41.640048,-87.868173
,2030 Twelfth Ct,Ste 337,Skokie,IL,60076,US,42.018393,-87.722592
,8081 Adams Ln,,Springfield,IL,62701,US,39.778009,-89.645067
Oak Terrace,8660 Commerce Rd,Unit 90,Chicago,IL,60630,US,41.884964,-87.636204
,4206 Prairie Ct,,Urbana,IL,61801,US,40.095364,-88.221047
Navy Pier Place,3838 Birch Cir,,Cicero,IL,60804,US,41.830794,-87.742117
,8393 Market Way,# 586,Chicago,IL,60622,US,41.867462,-87.616652
,5414 North Ter,,Cicero,IL,60804,US,41.860170,-87.757036
,425 Lake St,,Midlothian,IL,60445,US,41.622803,-87.739093
,8627 Glen Pl,Apt 924,Decatur,IL,62523,US,39.856824,-88.949141
,4513 South Cir,,Chicago,IL,60640,US,41.886206,-87.620484
,4699 Main Ave,Unit 755,Wheaton,IL,60187,US,41.883916,-88.103012
,531 University Ave,Ste 908,Schaumburg,IL,60193,US,42.031456,-88.077925
,4766 North Dr,Unit 964,Bolingbrook,IL,60440,US,41.681661,-88.057684
Sunrise Village,1702 King Ln,,Springfield,IL,62701,US,39.792774,-89.662395
,3960 Eleventh Ln,,Wheaton,IL,60187,US,41.879441,-88.100501
,2176 Birch St,Unit 714,Chicago,IL,60618,US,41.893716,-87.614739
,3171 Birch Way,Unit 284,Chicago,IL,60618,US,41.881706,-87.634654
,9625 Crest Ter,Apt 558,Oak Park,IL,60302,US,41.879848,-87.803325
,9353 Kennedy Ter,,Calumet City,IL,60409,US,41.620317,-87.539173
,8683 Sycamore Rd,,Calumet City,IL,60409,US,41.613500,-87.526141
,2474 Twelfth Blvd,,Evanston,IL,60202,US,42.064230,-87.706749
,4596 Mill Ln,# 349,Normal,IL,61761,US,40.525839,-88.981708
,7460 Oak St,,Chicago,IL,60613,US,41.894156,-87.634860
,1036 Main Ter,Apt 10,Elgin,IL,60120,US,42.021379,-88.264688
,4530 Seventh Blvd,,Chicago,IL,60618,US,41.864832,-87.630674
,4660 Union Way,Unit 349,Schaumburg,IL,60193,US,42.022760,-88.065055
,6557 Broad St,# 858,Peoria,IL,61602,US,40.693809,-89.600714
,7115 Grant Ave,,Markham,IL,60428,US,41.590407,-87.700216
,5774 Union St,Apt 117,Palatine,IL,60067,US,42.093393,-88.016445
,9127 Twelfth Rd,# 993,Normal,IL,61761,US,40.508411,-88.972240
,4507 Poplar Way,,Waukegan,IL,60085,US,42.383270,-87.857069
The Grand,476 Grant Blvd,,Markham,IL,60428,US,41.605447,-87.685482
Logan Square Lofts,5767 Eighth Cir,,Peoria,IL,61602,US,40.677224,-89.587601
,4300 Spring Rd,# 509,Mount Prospect,IL,60056,US,42.082153,-87.932082
,7261 Hickory Pl,,Harvey,IL,60426,US,41.611983,-87.648696
Riverside Plaza,9312 Orchard Dr,,Cicero,IL,60804,US,41.865002,-87.734791
,1688 Poplar St,# 866,Midlothian,IL,60445,US,41.607822,-87.737710
Cedar Ridge,5831 King Dr,,Dolton,IL,60419,US,41.631186,-87.598031
,6394 Bridge Rd,# 565,Springfield,IL,62701,US,39.782739,-89.650065
,3713 Hill St,,Chicago,IL,60601,US,41.872139,-87.644234
,4088 Ferry Cir,,Chicago,IL,60614,US,41.889827,-87.627586
,4960 Union Blvd,,Chicago,IL,60651,US,41.890028,-87.624354
,6650 Meadow Ln,Ste 527,Calumet City,IL,60409,US,41.615284,-87.536205
,4288 Glen St,Unit 72,Tinley Park,IL,60477,US,41.582023,-87.799323
Bucktown Row,6874 Wilson Way,Ste 132,Markham,IL,60428,US,41.582766,-87.678888
Oak Terrace,3580 Spring Blvd,,Chicago,IL,60613,US,41.881295,-87.612016
,6378 Creek St,Apt 969,Dolton,IL,60419,US,41.655119,-87.591263
,9677 Grant Dr,,Normal,IL,61761,US,40.525040,-88.980021
,2325 Union Rd,,Waukegan,IL,60085,US,42.354315,-87.854037
,4968 Adams St,Ste 842,Tinley Park,IL,60477,US,41.565175,-87.771565
,9582 Market Dr,,Normal,IL,61761,US,40.511807,-88.976161
The Pinnacle,9054 Bluff Way,,Bolingbrook,IL,60440,US,41.705125,-88.051084
,340 Third Ct,,Champaign,IL,61820,US,40.117048,-88.257224
,1617 Broad Dr,Ste 520,Alsip,IL,60803,US,41.675911,-87.735318
,544 King Ln,,Orland Park,IL,60462,US,41.624771,-87.853458
The Heritage,7621 Brook Rd,# 243,Champaign,IL,61820,US,40.098895,-88.249988
,9005 Forest Pl,,Lansing,IL,60438,US,41.569489,-87.540417
,7698 College Ave,Apt 303,Elgin,IL,60123,US,42.044574,-88.290747
,5456 Meadow Rd,,Mount Prospect,IL,60056,US,42.058201,-87.954810
,2923 Ridge Ter,,Urbana,IL,61801,US,40.104973,-88.208168
,1785 Cross Ln,,Evanston,IL,60201,US,42.040068,-87.695372
,1901 Twelfth Pl,Apt 974,Waukegan,IL,60087,US,42.362645,-87.837956
,1858 Holly Ave,,Waukegan,IL,60085,US,42.380855,-87.852826
Bucktown Row,8536 Mill Rd,# 322,Dolton,IL,60419,US,41.619417,-87.590948
,3172 Liberty Ave,# 26,Aurora,IL,60505,US,41.766774,-88.332542
,606 Evergreen Dr,Unit 682,Chicago,IL,60614,US,41.875592,-87.615676
,8864 Ninth Way,,Tinley Park,IL,60477,US,41.571663,-87.796231
,6029 College St,,Bloomington,IL,61701,US,40.482548,-89.013381
Maple Court,2360 Union St,Unit 99,Orland Park,IL,60462,US,41.648605,-87.869587
,6700 Sixth Dr,Unit 860,Chicago,IL,60640,US,41.883447,-87.619539
,5162 Prairie St,,Joliet,IL,60432,US,41.530732,-88.085322
,4698 Broad Ln,,Tinley Park,IL,60477,US,41.576481,-87.780580
,5638 Field Blvd,Apt 181,Chicago,IL,60618,US,41.873725,-87.638384
,4667 Ridge Pl,# 706,Midlothian,IL,60445,US,41.640987,-87.736771
,6683 Maple Cir,Apt 649,Chicago,IL,60601,US,41.872045,-87.636430
,829 Twelfth Ct,Ste 105,Elgin,IL,60123,US,42.027947,-88.281151
,6881 Academy Pl,Ste 693,Oak Park,IL,60302,US,41.879413,-87.799032
,8030 Ridge Ct,,Champaign,IL,61820,US,40.099807,-88.228970
,8593 Sunset Blvd,Unit 90,Evanston,IL,60201,US,42.054366,-87.690179
Logan Square Lofts,1758 Harvest Ave,Apt 290,Dolton,IL,60419,US,41.633727,-87.595330
,1043 University St,Ste 828,Elgin,IL,60123,US,42.042320,-88.283368
,5254 River Ct,Ste 630,Normal,IL,61761,US,40.520505,-88.992893
,5699 Brook St,,Mount Prospect,IL,60056,US,42.083247,-87.949844
,5521 Holly Dr,,Chicago,IL,60601,US,41.888878,-87.621819
,6224 Magnolia Dr,Unit 369,Berwyn,IL,60402,US,41.842921,-87.808172
,7563 Lincoln Rd,,Harvey,IL,60426,US,41.626653,-87.661841
,9986 Sherman Rd,Unit 190,Joliet,IL,60432,US,41.516624,-88.078912
,9515 Roosevelt St,Apt 873,Berwyn,IL,60402,US,41.849960,-87.790014
,6409 Meadow Pl,,Markham,IL,60428,US,41.599766,-87.680877
,6284 Ninth Ter,Apt 648,Waukegan,IL,60087,US,42.367881,-87.856643
,3188 Central Ave,,Chicago,IL,60630,US,41.869624,-87.614040
,1610 Sunrise Dr,Unit 412,Harvey,IL,60426,US,41.601264,-87.643946
,9396 Sunset Dr,Ste 715,Bloomington,IL,61701,US,40.490037,-89.002579
,4141 Seventh St,Unit 252,Oak Park,IL,60301,US,41.883552,-87.786939
,7978 Sage Dr,,Waukegan,IL,60085,US,42.376771,-87.829416
,8740 Fourth Cir,Unit 460,Waukegan,IL,60087,US,42.375345,-87.826211
,1865 Eisenhower Rd,Unit 75,Chicago,IL,60613,US,41.883596,-87.613445
,4741 Oak Dr,,Chicago,IL,60630,US,41.891540,-87.643067
,4714 Roosevelt St,Ste 631,Waukegan,IL,60087,US,42.353681,-87.860714
,1110 Monroe St,,Chicago,IL,60657,US,41.897243,-87.631309
The Heritage,4354 Laurel Blvd,,Cicero,IL,60804,US,41.863144,-87.754427
,2332 Field Blvd,Apt 249,Urbana,IL,61801,US,40.105710,-88.215743
,7764 Madison Rd,Unit 937,Chicago,IL,60618,US,41.891476,-87.622962
,8673 Meadow Way,# 127,Normal,IL,61761,US,40.517916,-89.002171
,4077 High Ave,Unit 546,Elgin,IL,60120,US,42.018969,-88.289764
,5369 Grant Blvd,# 549,Chicago,IL,60613,US,41.890096,-87.648651
,4020 Kennedy Dr,,Chicago,IL,60640,US,41.893075,-87.636992
,7183 Glen Way,,Waukegan,IL,60087,US,42.372567,-87.834502
,1325 First Ave,,Calumet City,IL,60409,US,41.596003,-87.519597
Westside Commons,5369 Park Ave,,Evanston,IL,60201,US,42.052474,-87.686323
,2428 Tenth Ave,,Chicago,IL,60622,US,41.871408,-87.620305
,1042 Spring Ter,,Evanston,IL,60201,US,42.040569,-87.676009
The Pinnacle,9826 Market Cir,,Chicago,IL,60618,US,41.888172,-87.617177
,9330 Eleventh Ter,Ste 653,Chicago,IL,60657,US,41.872550,-87.638926
,4203 Eleventh Ave,,Chicago,IL,60601,US,41.859613,-87.640428
,368 First St,,Oak Park,IL,60302,US,41.872199,-87.776337
,6400 Orchard Dr,,Evanston,IL,60201,US,42.048351,-87.690374
,8342 Meadow Rd,Ste 514,Cicero,IL,60804,US,41.859528,-87.764143
,3168 North Dr,,Chicago,IL,60630,US,41.876240,-87.620777
,7423 Fern Cir,# 70,Downers Grove,IL,60515,US,41.788463,-87.993207
,2716 Lincoln Ave,Ste 336,Evanston,IL,60201,US,42.062316,-87.679785
,9018 Orchard St,Apt 171,Elgin,IL,60123,US,42.049495,-88.262961
,5460 Chestnut Blvd,Ste 740,Cicero,IL,60804,US,41.825956,-87.772910
,727 Elm Ct,,Normal,IL,61761,US,40.528921,-89.001144
,3688 Spring Ct,Ste 939,Chicago,IL,60640,US,41.885400,-87.625046
,902 Prairie St,Apt 756,Springfield,IL,62701,US,39.795096,-89.651056
,5401 Walnut St,,Downers Grove,IL,60515,US,41.827745,-88.014291
,4870 Union Dr,# 702,Harvey,IL,60426,US,41.617422,-87.646115
,4892 Creek Ave,,Chicago,IL,60641,US,41.862541,-87.644941
,5311 Elm Rd,Ste 744,Chicago,IL,60614,US,41.863611,-87.621872
,1568 Ninth Pl,Apt 699,Chicago,IL,60601,US,41.858114,-87.623650
Cedar Ridge,5470 Hillside St,# 145,Harvey,IL,60426,US,41.599326,-87.635266
The Pinnacle,4713 North Dr,# 399,Dolton,IL,60419,US,41.631340,-87.604409
,9017 Market Ter,Apt 214,Naperville,IL,60540,US,41.737739,-88.167310
,3353 Ninth Ct,,Harvey,IL,60426,US,41.628696,-87.663739
Northgate Apartments,3216 Hickory Ave,# 73,Decatur,IL,62523,US,39.824135,-88.945951
Westside Commons,4503 Adams Rd,,Springfield,IL,62701,US,39.782612,-89.654156
,3592 Truman Blvd,# 120,Evanston,IL,60201,US,42.052169,-87.702212
,133 Market Rd,Apt 965,Rockford,IL,61101,US,42.280451,-89.104895
,220 High Ave,,Chicago,IL,60613,US,41.886321,-87.646069
,5271 Valley Dr,Apt 491,Champaign,IL,61820,US,40.104139,-88.260462
,7953 College Ter,Ste 960,Arlington Heights,IL,60004,US,42.069161,-87.968345
,8873 Birch Ave,Ste 200,Cicero,IL,60804,US,41.833371,-87.745894
,5751 Jefferson St,,Evanston,IL,60202,US,42.042553,-87.706899
Elmwood Manor,7176 High Blvd,# 156,Arlington Heights,IL,60004,US,42.096423,-87.987593
,7047 First Ave,,Wheaton,IL,60187,US,41.869326,-88.123482
,3726 Brook Ct,Unit 356,Aurora,IL,60505,US,41.740682,-88.329717
,960 Holly St,Apt 500,Peoria,IL,61602,US,40.704128,-89.608132
Northgate Apartments,7180 Walnut Ave,,Normal,IL,61761,US,40.526739,-88.980707
,2446 Laurel Ave,# 68,Chicago,IL,60618,US,41.866701,-87.632891
,6470 Brook St,# 509,Chicago,IL,60647,US,41.891547,-87.634406
,9746 Kennedy Ave,Unit 717,Chicago,IL,60613,US,41.877393,-87.614209
,7554 Maple Ct,,Urbana,IL,61801,US,40.092490,-88.208569
,7841 Grant St,# 978,Chicago,IL,60618,US,41.886130,-87.641119
Riverside Plaza,4541 Liberty Rd,Ste 149,Chicago,IL,60657,US,41.867372,-87.649522
,5471 University Ln,Unit 29,Berwyn,IL,60402,US,41.870382,-87.798953
,2821 Mill Ln,# 447,Chicago,IL,60601,US,41.879059,-87.635754
,4634 Garden Blvd,Unit 518,Calumet City,IL,60409,US,41.609240,-87.539073
,2575 Magnolia Ave,Apt 853,Lansing,IL,60438,US,41.583403,-87.532608
,4439 Second Ct,Ste 261,Downers Grove,IL,60515,US,41.814136,-88.005202
,149 Park Ter,,Tinley Park,IL,60477,US,41.568960,-87.785859
,7486 Glen Ct,Ste 301,Chicago,IL,60657,US,41.883720,-87.617208
,1770 Sherman Way,# 50,Elgin,IL,60120,US,42.017238,-88.271443
,7304 Monroe Pl,# 292,Oak Park,IL,60301,US,41.871435,-87.777346
,9426 Cedar Way,,Bolingbrook,IL,60440,US,41.709796,-88.084415
,8421 Division St,Ste 495,Urbana,IL,61801,US,40.124597,-88.202007
,8752 Bluff Ave,Unit 404,Mount Prospect,IL,60056,US,42.052821,-87.931109
,7277 Fern St,# 159,Normal,IL,61761,US,40.496725,-88.999662
,9823 Jackson Dr,Apt 495,Lansing,IL,60438,US,41.567505,-87.537490
,2055 Twelfth Ct,Apt 716,Waukegan,IL,60087,US,42.378320,-87.837472
,2009 Pine Pl,,Waukegan,IL,60085,US,42.376651,-87.854844
,9551 Maple Ave,,Bloomington,IL,61701,US,40.474548,-89.011444
,6450 Sunrise St,,Evanston,IL,60201,US,42.026322,-87.676707
Westside Commons,7485 Academy Ave,Ste 302,Springfield,IL,62701,US,39.800930,-89.639501
,6593 Sixth Dr,,Chicago,IL,60630,US,41.897982,-87.623402
,9714 Jefferson Ave,Ste 47,Chicago,IL,60625,US,41.882369,-87.641842
,3213 Harvest Rd,,Downers Grove,IL,60515,US,41.826724,-88.018745
,5319 Jackson St,,Evanston,IL,60202,US,42.055246,-87.671277
,4147 Chestnut Ave,,Chicago,IL,60641,US,41.869130,-87.619116
,8718 Poplar Ct,,Markham,IL,60428,US,41.594702,-87.674195
,947 Sycamore St,Unit 644,Des Plaines,IL,60016,US,42.042687,-87.901854
,8707 Broad Ln,,Palatine,IL,60067,US,42.129136,-88.030954
,2715 Pine Cir,,Champaign,IL,61820,US,40.123671,-88.255055
Lakeshore Drive Apts,7783 Division Ave,,Dolton,IL,60419,US,41.656640,-87.613463
,6320 Washington Ct,Unit 664,Joliet,IL,60432,US,41.507740,-88.072260
,8572 Brook Ave,Ste 490,Decatur,IL,62523,US,39.845801,-88.947134
,9936 Hillside St,Apt 831,Decatur,IL,62523,US,39.859548,-88.947884
,9886 Chestnut Way,,Chicago,IL,60625,US,41.889586,-87.645666
,1212 West Ave,Ste 19,Blue Island,IL,60406,US,41.656216,-87.670181
,5331 Kennedy St,,Chicago,IL,60614,US,41.859851,-87.630359
,3829 College Ave,,Rockford,IL,61101,US,42.274273,-89.093920
Riverside Plaza,5149 Second St,Apt 559,Urbana,IL,61801,US,40.124476,-88.190713
,8290 Broad Blvd,,Elgin,IL,60120,US,42.018006,-88.263329
,6163 King Dr,# 632,Chicago,IL,60614,US,41.893780,-87.644192
,5032 Harvest St,Apt 638,Urbana,IL,61801,US,40.129629,-88.202999
,1624 Valley Way,,Waukegan,IL,60085,US,42.381609,-87.861140
,4887 Eleventh Ave,Ste 173,Chicago,IL,60630,US,41.866012,-87.639622
,7736 Mill Rd,,Schaumburg,IL,60193,US,42.032849,-88.093402
,7612 Lee Ter,,Chicago,IL,60647,US,41.889376,-87.621826
,3150 Madison Ter,Ste 807,Peoria,IL,61602,US,40.702176,-89.600045
,436 Walnut Rd,,Alsip,IL,60803,US,41.662500,-87.715896
,8792 Lake St,Apt 498,Chicago,IL,60657,US,41.897464,-87.645746
,2424 Hickory Ave,Ste 831,Des Plaines,IL,60016,US,42.025449,-87.870343
,1929 Broad Rd,,Aurora,IL,60505,US,41.765989,-88.323718
,5942 State St,,Calumet City,IL,60409,US,41.633053,-87.519612
,8746 Bluff St,,Des Plaines,IL,60016,US,42.041847,-87.873058
,1718 Forest Ln,,Evanston,IL,60201,US,42.051967,-87.698483
,1277 Twelfth Rd,,Markham,IL,60428,US,41.578606,-87.693381
The Pinnacle,4493 King Rd,,Tinley Park,IL,60477,US,41.562826,-87.792964
Westside Commons,2235 East Ter,Unit 608,Mount Prospect,IL,60056,US,42.067924,-87.918730
Park View Condos,1928 State Cir,Unit 66,Chicago,IL,60630,US,41.880934,-87.629329
,9126 Fern St,,Chicago,IL,60630,US,41.896161,-87.643918
,6652 Sherman Ave,Ste 755,Evanston,IL,60202,US,42.037696,-87.687092
,5744 Ninth St,,Chicago,IL,60630,US,41.870896,-87.615697
,540 College Ter,# 157,Midlothian,IL,60445,US,41.625238,-87.739379
,2074 Truman St,Apt 434,Chicago,IL,60618,US,41.894193,-87.622111
,480 Lee St,,Lansing,IL,60438,US,41.554617,-87.543488
,9148 Elm Dr,,Waukegan,IL,60085,US,42.359521,-87.845822
,4431 Maple Rd,Unit 405,Urbana,IL,61801,US,40.111862,-88.223898
The Grand,667 Seventh Dr,Ste 681,Oak Park,IL,60301,US,41.889873,-87.771375
Riverside Plaza,7424 Fern Dr,# 62,Skokie,IL,60076,US,42.014672,-87.740508
,4422 Academy Way,Unit 170,Naperville,IL,60540,US,41.737390,-88.168080
,7646 Sixth Blvd,,Arlington Heights,IL,60004,US,42.103081,-87.990983
,7493 Commerce Pl,,Springfield,IL,62701,US,39.788931,-89.666091
,9261 Sunset St,# 942,Joliet,IL,60432,US,41.542529,-88.072379
,1289 West Rd,Ste 150,Alsip,IL,60803,US,41.674905,-87.730142
,8800 Harvest Rd,,Chicago,IL,60625,US,41.883165,-87.629021
,7671 Holly Ln,# 234,Chicago,IL,60625,US,41.859688,-87.640841
,6066 North Ter,,Orland Park,IL,60462,US,41.632890,-87.847011
Oak Terrace,2946 Commerce Ln,Unit 402,Chicago,IL,60640,US,41.874559,-87.618361
,5565 Twelfth Pl,,Harvey,IL,60426,US,41.607987,-87.636945
,4601 Chestnut Ave,,Chicago,IL,60625,US,41.878877,-87.642643
,8319 Elm St,# 648,Downers Grove,IL,60515,US,41.800947,-88.029103
,422 King Ter,,Chicago,IL,60641,US,41.893514,-87.646753
Lincoln Square,7512 Market Rd,Apt 956,Chicago,IL,60614,US,41.880423,-87.623698
,2011 Lincoln Ct,,Chicago,IL,60601,US,41.871481,-87.643185
,756 Ash Ct,Apt 804,Springfield,IL,62701,US,39.786535,-89.665355
Maple Court,5647 Sage Ln,# 270,Skokie,IL,60076,US,42.037475,-87.738584
,1262 High Dr,,Chicago,IL,60613,US,41.874054,-87.639591
Logan Square Lofts,7493 Fern Blvd,,Oak Park,IL,60301,US,41.892552,-87.791059
,4028 Hill Blvd,,Schaumburg,IL,60193,US,42.032583,-88.096579
,1578 Madison St,,Lansing,IL,60438,US,41.578975,-87.527957
,7631 Orchard St,,Chicago,IL,60618,US,41.892070,-87.629861
,4524 Lake St,,Bloomington,IL,61701,US,40.481544,-88.999494
,9878 Ash Rd,,Dolton,IL,60419,US,41.648269,-87.593802
,6883 Hillside St,Apt 589,Chicago,IL,60657,US,41.886746,-87.623589
,6415 North Ave,,Palatine,IL,60067,US,42.129676,-88.044231
,8991 Liberty Cir,Apt 273,Elgin,IL,60123,US,42.046940,-88.271895
,3176 Walnut St,Apt 511,Wheaton,IL,60187,US,41.850273,-88.108482
,4491 Sixth Rd,Ste 681,Oak Park,IL,60302,US,41.903705,-87.769502
,5190 Bridge Cir,,Des Plaines,IL,60016,US,42.029691,-87.880970
,5501 Ferry Rd,,Evanston,IL,60201,US,42.030081,-87.700472
,7893 First Ct,Apt 576,Joliet,IL,60432,US,41.506130,-88.067614
The Grand,4301 First Rd,,Peoria,IL,61602,US,40.683023,-89.592204
Park View Condos,9380 Adams Ct,Unit 503,Downers Grove,IL,60515,US,41.793752,-88.018152
,6718 High Rd,,Downers Grove,IL,60515,US,41.820491,-88.020878
,3352 Washington Dr,,Schaumburg,IL,60193,US,42.016881,-88.096041
,6640 Eisenhower St,,Chicago,IL,60657,US,41.861410,-87.643575
,9510 Washington Ln,# 685,Berwyn,IL,60402,US,41.834021,-87.807914
,9228 River St,Apt 990,Skokie,IL,60076,US,42.018110,-87.732340
,7269 Sycamore St,,Alsip,IL,60803,US,41.657932,-87.735161
Northgate Apartments,5772 Holly Rd,# 740,Joliet,IL,60432,US,41.513191,-88.090952
,6965 Jefferson St,Unit 689,Waukegan,IL,60085,US,42.344882,-87.841820
The Grand,3624 Cedar Ave,,Evanston,IL,60202,US,42.033018,-87.667898
,8859 Main Cir,Apt 266,Cicero,IL,60804,US,41.826900,-87.745541
,5116 Birch Dr,# 360,Chicago,IL,60601,US,41.885384,-87.628109
,653 Broad Ave,,Palatine,IL,60067,US,42.100150,-88.027213
,1442 Eighth Ave,,Elgin,IL,60120,US,42.019764,-88.279136
,4922 Maple Ave,,Champaign,IL,61820,US,40.134568,-88.251118
,7339 Pine Pl,,Chicago,IL,60647,US,41.869878,-87.632047
,4294 Grant Pl,,Schaumburg,IL,60193,US,42.037767,-88.070083
,5329 Union Rd,Apt 758,Chicago,IL,60647,US,41.894697,-87.634516
,2314 River Dr,Unit 380,Chicago,IL,60625,US,41.892944,-87.613919
,7548 Birch Dr,,Evanston,IL,60201,US,42.061012,-87.706675
,203 Sunset Ter,,Midlothian,IL,60445,US,41.618815,-87.704417
,3923 Main St,,Cicero,IL,60804,US,41.859290,-87.746615
,9180 Maple Ave,,Dolton,IL,60419,US,41.642006,-87.614963
Lakefront Towers,2789 Orchard St,,Palatine,IL,60067,US,42.124851,-88.028496
,5789 Third St,Ste 392,Chicago,IL,60613,US,41.865210,-87.648667
Wabash Commons,6671 Academy Ter,,Waukegan,IL,60087,US,42.363671,-87.830757
,4836 Second Ave,# 900,Mount Prospect,IL,60056,US,42.062259,-87.940671
,5417 Birch Ter,Ste 224,Chicago,IL,60622,US,41.881366,-87.631689
,3205 Walnut Way,# 448,Harvey,IL,60426,US,41.605310,-87.640004
,4479 Evergreen Ter,# 599,Schaumburg,IL,60193,US,42.020249,-88.101450
Navy Pier Place,4137 Central St,Ste 610,Downers Grove,IL,60515,US,41.807689,-88.016979
,4257 Kennedy Dr,Unit 593,Mount Prospect,IL,60056,US,42.047313,-87.925097
,7001 Lincoln St,,Dolton,IL,60419,US,41.655015,-87.599880
,4847 East Way,,Chicago,IL,60630,US,41.863744,-87.622816
,9372 Laurel Blvd,,Chicago,IL,60651,US,41.891415,-87.649343
,1227 Maple St,# 589,Bloomington,IL,61701,US,40.478908,-89.000108
,4797 Sixth Rd,,Wheaton,IL,60187,US,41.873475,-88.112784
Navy Pier Place,9886 Birch Ter,,Decatur,IL,62523,US,39.825215,-88.946830
,2514 Eleventh Blvd,,Chicago,IL,60647,US,41.895140,-87.615853
Lakeshore Drive Apts,7001 Maple Dr,,Harvey,IL,60426,US,41.617808,-87.627642
,2983 Crest Ter,,Rockford,IL,61101,US,42.276988,-89.104906
,8325 Fourth Rd,# 160,Blue Island,IL,60406,US,41.666586,-87.668853
Oak Terrace,1120 Church St,,Joliet,IL,60432,US,41.520908,-88.067839
,8252 Oak Dr,,Normal,IL,61761,US,40.523589,-88.983232
,2865 Park Blvd,,Markham,IL,60428,US,41.582005,-87.710493
,5908 Truman Rd,Unit 362,Evanston,IL,60202,US,42.063477,-87.700263
,8810 Ridge Ct,# 611,Chicago,IL,60640,US,41.862755,-87.611980
,3782 Magnolia Dr,Apt 687,Blue Island,IL,60406,US,41.665021,-87.697213
,3960 Cedar Rd,,Downers Grove,IL,60515,US,41.827435,-88.018711
Northgate Apartments,2920 Park Dr,# 167,Skokie,IL,60076,US,42.049030,-87.731195
,7521 Cedar St,,Rockford,IL,61101,US,42.285662,-89.081716
,127 Central Rd,Unit 274,Berwyn,IL,60402,US,41.833350,-87.782602
,271 Cross Way,Apt 971,Normal,IL,61761,US,40.512346,-88.991902
Riverside Plaza,5009 Fifth Ln,Apt 742,Chicago,IL,60614,US,41.867739,-87.632272
The Pinnacle,3845 Fern Rd,# 900,Bloomington,IL,61701,US,40.487109,-88.978255
,2764 Birch Dr,,Berwyn,IL,60402,US,41.859273,-87.785586
,4159 Cedar Ln,,Calumet City,IL,60409,US,41.607268,-87.544442
,775 Bluff Way,Unit 82,Blue Island,IL,60406,US,41.643274,-87.673040
Park View Condos,8287 Wilson Ave,,Decatur,IL,62523,US,39.825227,-88.942186
,7665 Wilson Ave,,Lansing,IL,60438,US,41.573518,-87.557402
Maple Court,7023 Holly Ave,# 769,Chicago,IL,60618,US,41.877396,-87.640906
,3100 Adams Ln,,Chicago,IL,60613,US,41.893617,-87.627000
,4992 Hillside St,Unit 381,Springfield,IL,62701,US,39.789953,-89.666082
,2775 South St,,Skokie,IL,60076,US,42.035124,-87.753127
Navy Pier Place,6551 Valley Rd,Unit 664,Arlington Heights,IL,60004,US,42.073295,-87.973222
Riverside Plaza,6117 Park Ter,Apt 932,Chicago,IL,60641,US,41.891380,-87.613947
,4620 Magnolia Rd,,Urbana,IL,61801,US,40.120480,-88.221616
,3027 Hickory Ave,,Waukegan,IL,60087,US,42.347314,-87.835958
,5941 Central Way,,Downers Grove,IL,60515,US,41.789102,-88.019034
,744 Sunrise St,Unit 970,Arlington Heights,IL,60004,US,42.078142,-87.972903
,4736 High St,,Chicago,IL,60614,US,41.873714,-87.628466
,3161 Ivy Dr,Unit 246,Chicago,IL,60657,US,41.896576,-87.632298
,7087 Union Rd,Apt 965,Elgin,IL,60120,US,42.041929,-88.263057
,8586 Maple Dr,,Bolingbrook,IL,60440,US,41.688572,-88.052949
Wabash Commons,2313 Commerce St,,Lansing,IL,60438,US,41.566524,-87.529327
,5270 Eighth Cir,# 599,Chicago,IL,60625,US,41.884243,-87.612339
,8472 Second St,# 904,Evanston,IL,60202,US,42.055666,-87.695843
,8179 North St,,Des Plaines,IL,60016,US,42.018859,-87.874359
,8479 Eleventh Way,,Midlothian,IL,60445,US,41.626796,-87.706420
,8454 Academy Ter,Apt 452,Waukegan,IL,60087,US,42.379667,-87.841249
,1715 High St,,Chicago,IL,60622,US,41.876184,-87.638132
Park View Condos,8776 Fourth Ave,Unit 787,Springfield,IL,62701,US,39.797641,-89.669240
,3867 East Dr,Unit 560,Midlothian,IL,60445,US,41.612088,-87.725597
,458 Brook Way,,Chicago,IL,60618,US,41.860002,-87.639555
,851 Holly Blvd,Apt 185,Decatur,IL,62523,US,39.858439,-88.946419
Bucktown Row,9266 Creek Ave,# 595,Mount Prospect,IL,60056,US,42.084129,-87.948759
Navy Pier Place,8638 Grant Dr,# 140,Chicago,IL,60613,US,41.881580,-87.642458
,2005 Forest St,Apt 330,Chicago,IL,60647,US,41.877277,-87.649625
Cedar Ridge,6947 Eighth Cir,Unit 1,Oak Park,IL,60302,US,41.899575,-87.787109
,4892 Prairie St,,Chicago,IL,60625,US,41.859640,-87.641085
,2525 Sage Ave,,Oak Park,IL,60301,US,41.886929,-87.783155
Riverside Plaza,6945 Willow Way,,Midlothian,IL,60445,US,41.611277,-87.718558
Bucktown Row,475 West St,,Chicago,IL,60618,US,41.897325,-87.638079
,7929 Hickory Blvd,Apt 427,Decatur,IL,62523,US,39.846323,-88.969515
,4250 Creek St,,Chicago,IL,60630,US,41.866822,-87.625203
,2885 Sage St,Unit 275,Evanston,IL,60202,US,42.027621,-87.668062
,5090 Second Rd,Unit 231,Chicago,IL,60640,US,41.885719,-87.643634
,7712 Main Rd,Apt 571,Naperville,IL,60540,US,41.742387,-88.144815
,2517 Harvest Pl,Ste 806,Decatur,IL,62523,US,39.846329,-88.944688
Bucktown Row,2048 Academy Ave,Apt 652,Chicago,IL,60622,US,41.860341,-87.642943
,7297 Academy Rd,Unit 761,Wheaton,IL,60187,US,41.883080,-88.113370
Navy Pier Place,2851 River Rd,,Lansing,IL,60438,US,41.581229,-87.529852
,9429 University Ave,,Chicago,IL,60651,US,41.888557,-87.637479
,2613 Division Dr,,Aurora,IL,60505,US,41.753957,-88.322887
,6441 Twelfth Rd,Unit 98,Mount Prospect,IL,60056,US,42.074334,-87.941530
,5922 Tenth Dr,,Chicago,IL,60651,US,41.874964,-87.612828
Park View Condos,2812 Division Ave,,Schaumburg,IL,60193,US,42.048399,-88.070936
,8937 Roosevelt Way,Ste 465,Wheaton,IL,60187,US,41.857859,-88.087947
,2108 Ninth St,Apt 327,Alsip,IL,60803,US,41.653009,-87.750366
,7247 Glen Dr,Unit 371,Naperville,IL,60540,US,41.736450,-88.164716
,310 Hill Blvd,Ste 160,Aurora,IL,60505,US,41.774094,-88.323617
,2794 Hickory St,Apt 736,Chicago,IL,60622,US,41.872081,-87.626123
,4259 Mill Rd,,Calumet City,IL,60409,US,41.602840,-87.524499
Wicker Park Flats,753 South Ct,# 790,Chicago,IL,60651,US,41.876917,-87.641490
,9996 Sycamore Ave,# 613,Chicago,IL,60641,US,41.885674,-87.624393
,6684 Oak Ave,Unit 91,Joliet,IL,60432,US,41.535283,-88.063350
,5492 First St,,Tinley Park,IL,60477,US,41.584471,-87.777474
,1316 Maple Ave,# 309,Markham,IL,60428,US,41.591899,-87.680167
,3751 Kennedy Ter,,Orland Park,IL,60462,US,41.646720,-87.855452
,1502 Glen Ave,Ste 755,Chicago,IL,60640,US,41.882327,-87.611981
,6120 Ninth Cir,# 995,Chicago,IL,60601,US,41.881859,-87.644625
Maple Court,923 Cedar Dr,,Chicago,IL,60647,US,41.890156,-87.621234
