first_name,last_name,middle_name,suffix,email,phone,dob,gender
Larry,Cox,Ann,,,,1976-05-19,
Stephanie,Powell,Elaine,,stephaniepowell@yahoo.com,796-321-7392,1950-11-22,F
Joan,White,Allen,Sr.,joan_white1@hotmail.com,574-636-7009,1997-01-12,F
Scott,Flores,Wayne,,scott.flores@yahoo.com,762-634-7412,2000-02-26,F
Catherine,Lewis,Michelle,,catherine_lewis20@icloud.com,382-429-3025,2003-03-15,M
Brandon,Flores,Ray,,brandonflores96@gmail.com,966-415-6342,2005-12-18,NB
Cheryl,Harrison,Jean,,cherylharrison82@yahoo.com,310-544-1672,2004-05-09,F
Victoria,Adams,Elaine,II,victoriaadams@icloud.com,354-603-1940,1963-05-13,F
Matthew,Gomez,Kay,,matthew_gomez@aol.com,934-721-1896,1959-08-22,F
Larry,Wells,Dean,,,315-709-3198,1950-03-02,M
Rachel,Torres,Dawn,,,623-895-6686,1979-04-17,F
Rachel,Jones,Alan,Sr.,,596-810-8140,2004-07-03,M
Teresa,Anderson,Mae,Jr.,teresa.anderson20@hotmail.com,597-830-6566,1968-06-03,F
Ryan,Reynolds,Jo,,ryan_reynolds81@protonmail.com,901-593-2068,,
Martha,Martinez,Scott,Jr.,martha.martinez19@protonmail.com,498-394-5465,,NB
Aaron,Bryant,,III,aaron.bryant@yahoo.com,305-412-3787,1948-10-06,F
Richard,Kelly,Sue,II,richard.kelly@yahoo.com,524-884-4673,1951-02-15,
Martha,Miller,Alan,III,martha.miller@outlook.com,707-520-7202,1975-10-12,M
Emma,Graham,Grace,,emma_graham@yahoo.com,780-996-4726,1967-03-08,M
Kevin,Hayes,Jean,,kevin.hayes@protonmail.com,305-303-8854,1987-11-23,F
Frank,Griffin,Ann,,frank_griffin91@gmail.com,689-716-1775,1957-12-16,F
Jessica,Sullivan,Christine,,,721-858-6194,1987-02-14,F
Deborah,Stevens,James,,deborah.stevens75@yahoo.com,491-905-4788,1954-05-03,
Carol,Alexander,Frances,,carol.alexander@yahoo.com,488-757-8009,1979-11-14,F
George,Jordan,Wayne,Jr.,george.jordan@aol.com,664-889-9476,1960-04-07,
Teresa,Chavez,,,teresa_chavez@aol.com,364-784-5212,1956-05-17,F
Carl,Smith,Renee,II,,404-300-1917,1948-02-21,F
Margaret,Thompson,Grace,,margaretthompson@protonmail.com,516-792-2216,1955-08-20,M
Deborah,Ford,Renee,Sr.,deborah.ford43@gmail.com,708-539-9950,1980-07-22,M
Kimberly,Reyes,Alan,III,kimberly_reyes@yahoo.com,496-995-6612,1948-09-15,F
Henry,Bailey,Michelle,,henrybailey10@hotmail.com,481-910-4586,1952-01-24,
Jeremy,Roberts,,III,jeremy.roberts32@protonmail.com,627-613-6199,1991-07-22,F
Dorothy,Sanders,Ann,,dorothy.sanders56@hotmail.com,422-296-3758,1948-12-08,M
Heather,Reyes,Jean,,heatherreyes@aol.com,655-354-3047,,M
Eric,Allen,Frances,,eric.allen@aol.com,711-335-3230,1951-05-19,M
Gloria,Jordan,Dale,Sr.,gloria.jordan81@aol.com,,1971-11-13,
Barbara,West,Frances,,barbara.west32@gmail.com,625-252-9778,1944-08-11,NB
Amy,Martin,,III,amymartin@protonmail.com,961-336-2982,1980-07-18,F
Kevin,Myers,Elizabeth,III,kevin_myers@aol.com,726-480-3938,2004-09-10,NB
Sharon,Johnson,James,Jr.,sharon_johnson20@aol.com,930-837-9456,1995-09-04,F
Helen,Harris,,,helen_harris@icloud.com,896-833-5053,1972-03-28,
Susan,Brooks,,,susan.brooks@protonmail.com,784-809-4534,1998-02-22,NB
Kevin,Sanders,Frances,,kevin_sanders44@yahoo.com,743-637-5972,1944-09-21,M
Richard,Reynolds,Marie,,richard_reynolds89@outlook.com,811-964-3329,1953-09-07,F
Olivia,Barnes,Nicole,II,,583-331-9497,1956-09-04,M
Jose,Martin,Christine,,jose.martin@gmail.com,289-532-1241,1990-12-02,M
Edward,Gray,Frances,,edward_gray85@gmail.com,285-732-9389,1990-06-27,F
Brenda,Thompson,Lynn,Sr.,brenda.thompson@gmail.com,613-588-4829,1951-09-13,M
William,Snyder,James,,williamsnyder@gmail.com,883-575-6039,,F
Jennifer,Vasquez,Allen,,jennifer.vasquez@yahoo.com,349-946-2504,1951-01-27,
Carl,Smith,,,carlsmith17@protonmail.com,,1992-11-18,
Samuel,Garcia,Jo,,samuel_garcia68@gmail.com,586-265-8189,1956-04-10,
Terry,Murray,Marie,,terry.murray@gmail.com,608-301-6494,2001-08-22,F
Jonathan,Walker,Jo,,jonathan_walker@icloud.com,,1994-04-05,M
Dennis,Parker,,,dennisparker@yahoo.com,865-758-4786,1975-04-21,M
Cynthia,Thomas,Michael,,cynthiathomas@yahoo.com,493-402-4656,1960-09-04,F
Jeffrey,Gonzalez,Dawn,,jeffrey_gonzalez@yahoo.com,,1979-04-04,M
Steven,Price,Dean,,stevenprice@icloud.com,747-577-1742,1950-11-02,F
George,Robinson,,,george.robinson@aol.com,356-702-3977,1944-08-16,
Daniel,Hernandez,Louise,,daniel_hernandez@icloud.com,867-986-7258,2001-01-09,
Gloria,Bryant,Marie,,gloriabryant@hotmail.com,363-205-9828,1954-12-15,F
Terry,Burns,Allen,,terryburns@gmail.com,,,M
Lauren,West,Eugene,,laurenwest62@yahoo.com,868-468-2243,1979-05-09,F
John,Olson,Renee,II,johnolson@yahoo.com,,1972-02-07,
Deborah,Burns,Renee,,deborah_burns82@protonmail.com,605-335-8656,1994-10-04,
Jonathan,Walker,Alan,,jonathanwalker81@hotmail.com,809-233-9464,1961-11-20,M
Brian,Torres,Rose,,brian_torres21@protonmail.com,,1964-02-22,M
Donald,Wood,Renee,,donaldwood72@protonmail.com,214-946-3703,1961-07-23,NB
David,Watson,Lynn,,davidwatson@gmail.com,738-767-3300,2000-02-23,M
Charles,Torres,Marie,,charles.torres@icloud.com,260-263-4057,1961-03-22,F
Jacqueline,Brooks,,II,jacqueline_brooks@outlook.com,341-953-8721,1948-12-14,F
Jacqueline,Miller,Dean,,jacqueline_miller@protonmail.com,231-372-4913,1982-03-08,F
Andrew,Murray,Michelle,,,785-802-3969,1959-07-19,F
Scott,Cook,Jo,III,scott_cook@gmail.com,834-980-4984,1951-03-23,
Debra,Morris,Michael,,,997-450-1069,1947-01-22,F
Christopher,Lewis,Jo,III,christopherlewis88@protonmail.com,537-901-6382,1997-04-21,M
Gregory,Thompson,Frances,,gregory_thompson55@outlook.com,,,M
Mary,Hernandez,Renee,,maryhernandez32@hotmail.com,,2000-01-01,F
Andrew,Gibson,Kay,III,andrewgibson@yahoo.com,259-970-9902,1974-02-28,
Raymond,Burns,Marie,,raymondburns2@outlook.com,725-860-4135,1987-02-07,F
Rachel,Adams,Kay,,racheladams17@outlook.com,815-670-4843,1981-02-26,M
Ethan,Webb,,,ethan_webb42@protonmail.com,954-780-7707,1944-07-17,F
Jerry,Mendoza,,,jerrymendoza@icloud.com,270-889-3472,2004-05-16,M
Evelyn,Perez,Nicole,,evelyn_perez@protonmail.com,991-363-1615,1982-01-12,M
Jeffrey,Cox,Alan,,jeffrey_cox@outlook.com,556-586-6354,1997-01-05,F
Patrick,Torres,Elizabeth,,,840-690-4184,1976-05-07,
Adam,Snyder,Mae,,adam.snyder@yahoo.com,216-334-9251,1985-01-18,NB
Cheryl,Gonzales,James,II,,902-658-6617,1973-03-03,F
Sandra,Rivera,Mae,,sandra_rivera69@aol.com,778-533-4722,2004-02-03,M
Victoria,Rodriguez,Louise,II,victoria.rodriguez23@protonmail.com,265-324-5221,1947-08-14,F
Brian,Moore,Elaine,,brianmoore39@icloud.com,426-943-5056,1969-12-10,M
Austin,Stewart,Sue,Sr.,austin.stewart@protonmail.com,626-266-3319,1988-03-11,NB
Sandra,Perez,,,sandra.perez@protonmail.com,229-430-6456,1983-03-17,NB
Benjamin,Johnson,,,benjamin_johnson14@aol.com,748-618-5579,1959-10-24,M
Stephen,Harris,Eugene,,stephen.harris@gmail.com,240-646-6361,1992-04-18,
Tyler,Evans,Dale,,tyler.evans@protonmail.com,411-536-8344,1945-08-05,M
Adam,Gutierrez,James,Jr.,adamgutierrez12@protonmail.com,287-999-2121,,NB
Alexander,Scott,,,alexander_scott36@yahoo.com,681-733-2809,1994-10-01,F
Megan,Chavez,Nicole,Sr.,megan_chavez@protonmail.com,203-284-3356,1985-03-28,F
Andrea,Barnes,Dale,III,andreabarnes@protonmail.com,,1969-10-01,M
Andrea,Davis,,,andrea_davis@protonmail.com,549-313-1437,1982-11-27,M
Martha,Brooks,Rose,II,marthabrooks78@outlook.com,929-324-8595,2004-10-21,
Christina,Evans,Michelle,,,842-338-7717,1956-10-28,
Ann,Henry,Dean,,ann.henry@outlook.com,858-627-7876,1993-02-23,NB
Donald,Torres,Mae,,donaldtorres14@icloud.com,673-652-8538,1965-12-21,NB
Frank,Woods,Ray,,,446-717-1361,1998-08-12,NB
Brandon,Jackson,Renee,,brandon_jackson@outlook.com,,1980-07-20,M
Gloria,Fisher,Rose,,gloria_fisher@outlook.com,537-266-8476,1967-09-27,M
Carl,Crawford,Michelle,,,839-851-8546,1994-12-16,M
Pamela,Alvarez,Michelle,III,pamelaalvarez@outlook.com,976-932-2778,1954-05-08,M
Gary,Cook,Jo,II,gary_cook59@hotmail.com,,1942-02-21,
Joyce,Wallace,Renee,,joyce_wallace@protonmail.com,,1987-08-21,
Sarah,Wood,,III,sarah.wood22@aol.com,,1943-04-14,
Carolyn,Lee,,,carolynlee@outlook.com,729-753-4677,1967-05-04,F
Jessica,Alexander,James,III,jessicaalexander@protonmail.com,440-430-1334,1982-01-07,M
Eric,Moore,Michelle,,eric_moore44@yahoo.com,811-606-2287,1945-07-25,F
Mark,Burns,Dawn,,mark.burns48@hotmail.com,234-675-6026,1998-02-13,NB
Sean,Ross,,,sean_ross92@outlook.com,580-855-7012,2004-04-03,M
Patrick,Anderson,Kay,,patrickanderson@gmail.com,851-238-5070,1998-12-21,F
Emily,Morris,Ray,,emily_morris38@aol.com,754-827-2533,1995-04-16,F
Martha,Snyder,Jean,,martha.snyder@aol.com,873-749-8408,1952-07-01,M
Anthony,Murphy,,,,229-444-9695,1950-07-15,
Cynthia,Wallace,,,cynthiawallace@outlook.com,725-944-1668,1987-10-06,M
Joseph,Myers,Louise,,josephmyers@icloud.com,678-712-8928,1961-07-07,F
Anna,Scott,Frances,,anna_scott@outlook.com,830-654-4097,1971-03-21,F
Gloria,Ross,Dawn,,gloriaross35@aol.com,759-744-1313,1965-08-07,F
Robert,Ramos,Jean,Jr.,robertramos97@icloud.com,766-849-4191,1977-03-27,F
Samantha,Coleman,Elizabeth,,samantha_coleman90@yahoo.com,976-697-6392,1995-10-07,NB
Barbara,Richardson,,Jr.,barbara_richardson@yahoo.com,581-444-1658,1941-08-27,M
Samuel,Russell,Dale,,samuel.russell@yahoo.com,512-978-4371,1966-07-27,
Linda,Webb,Eugene,,lindawebb@protonmail.com,349-686-8087,1942-05-05,
Matthew,Flores,Renee,,,580-870-1742,1972-05-16,M
Kelly,Harris,Eugene,,kellyharris@yahoo.com,717-619-3839,1940-01-22,F
Robert,Ortiz,,,robert_ortiz30@icloud.com,531-796-1145,1995-06-28,M
George,Roberts,Dean,,georgeroberts46@icloud.com,971-873-3212,1977-09-01,M
Laura,Bailey,Ann,Sr.,laura.bailey@gmail.com,673-452-9749,1942-05-20,
Donna,Patterson,Ann,,,281-330-7858,,F
Sandra,Coleman,Elaine,,sandra.coleman@yahoo.com,201-582-3363,1991-02-03,F
Laura,Reed,Eugene,II,laura.reed68@icloud.com,588-763-4905,1997-05-15,M
Lauren,Martinez,Scott,,lauren_martinez@outlook.com,679-871-2313,2004-04-18,M
Michael,White,Grace,,michael.white@outlook.com,608-494-7546,1973-06-19,
Adam,Olson,Grace,,,793-799-4925,1941-10-01,NB
Kathleen,Bennett,,,kathleen_bennett26@aol.com,215-941-1002,1946-04-13,
Andrea,Rodriguez,,,andrea_rodriguez@yahoo.com,868-880-1331,1981-08-14,M
Dylan,Roberts,Michael,,dylan.roberts35@protonmail.com,267-295-8252,1977-09-22,F
Joshua,Reed,,,joshua_reed35@gmail.com,208-405-2659,1972-01-03,
Barbara,Long,Jo,,,,,
Robert,Hill,Elizabeth,,robert_hill14@gmail.com,695-742-9916,1983-06-25,NB
Olivia,Martinez,,,olivia_martinez@outlook.com,381-781-3656,1995-03-16,F
Dorothy,Jackson,,,dorothyjackson@protonmail.com,304-410-2098,1967-05-23,NB
Tyler,Griffin,Lee,,tyler_griffin59@icloud.com,990-742-3426,1948-05-16,
Jeremy,Wells,Jean,,jeremy.wells26@protonmail.com,375-800-6674,1947-03-02,NB
Kelly,Kim,Rose,Sr.,,,1959-01-28,F
George,Gibson,Alan,,,664-638-2788,1987-03-23,M
Katherine,Ross,Alan,,katherineross@gmail.com,838-615-6719,1990-10-26,F
Jose,Patterson,Frances,Sr.,josepatterson65@gmail.com,488-355-7966,2004-06-04,F
Michael,Henderson,Mae,,michael.henderson@protonmail.com,385-351-6710,1975-04-01,M
Barbara,Carter,Nicole,,barbara.carter@hotmail.com,445-629-4524,2002-03-08,M
Lauren,Watson,Wayne,,lauren_watson62@protonmail.com,507-878-3989,1980-11-05,
Douglas,Young,Christine,,douglasyoung@icloud.com,754-706-9732,1982-12-04,M
Teresa,Anderson,,,teresaanderson@gmail.com,640-430-8806,1997-06-20,
Jeffrey,Russell,,,jeffreyrussell@aol.com,675-525-4558,1944-03-26,F
Lisa,Collins,Lynn,,lisa_collins37@icloud.com,246-925-2665,1948-01-01,M
Jack,Fisher,Nicole,,jack.fisher61@yahoo.com,653-908-7070,1984-07-07,
Donna,Mendoza,Elaine,,donna.mendoza23@protonmail.com,456-729-8856,1962-10-14,M
Timothy,James,Dawn,,,597-469-9677,1954-12-20,M
Lisa,Lopez,Alan,,,641-358-2630,1966-01-16,NB
Joshua,Sanchez,,,joshua.sanchez@yahoo.com,746-741-7310,1967-01-22,M
Carol,Simmons,Alan,,carolsimmons@gmail.com,410-542-4213,1942-12-13,NB
Tyler,Moore,Dean,,tyler_moore@yahoo.com,218-499-6949,1962-02-15,F
Matthew,Morales,Marie,II,matthewmorales@gmail.com,643-520-6913,1966-01-07,
Steven,Crawford,Alan,Jr.,steven_crawford@icloud.com,838-909-8446,,
Cynthia,Alexander,Elaine,,cynthia_alexander52@gmail.com,612-857-3132,1995-06-02,F
Benjamin,Cole,,,benjamincole@yahoo.com,937-394-2753,1957-09-02,
Maria,Wood,,,maria_wood11@icloud.com,790-368-5654,1958-07-21,M
Zachary,Sanders,,,zachary_sanders@yahoo.com,,1991-11-23,F
Mark,McDonald,Marie,,,274-867-4474,1952-01-12,F
Nicole,Thompson,,,nicole.thompson@protonmail.com,797-680-5102,1992-05-20,M
Brenda,Stevens,Dawn,,brendastevens32@protonmail.com,222-557-7649,1981-08-15,
Tyler,Peterson,Michael,III,tyler_peterson@hotmail.com,752-968-1714,1999-09-11,F
Lauren,Green,Michael,,,848-500-4225,1941-09-06,M
Lisa,Hamilton,Alan,,lisa.hamilton@yahoo.com,649-965-1565,2000-05-27,M
Douglas,Smith,Jean,,douglassmith@hotmail.com,844-650-5601,1950-07-17,
Arthur,Griffin,,,,627-636-7589,1942-01-23,
Katherine,Simpson,Frances,,katherine_simpson23@hotmail.com,432-782-8817,1946-05-19,M
Joseph,James,,,joseph.james68@outlook.com,532-718-6508,1959-02-23,F
Douglas,Simpson,Michelle,II,,,1985-04-28,NB
Joyce,Russell,Alan,,joycerussell16@yahoo.com,927-858-4722,1941-02-16,NB
Rachel,Gonzalez,Wayne,,rachel_gonzalez@outlook.com,286-200-6572,1940-01-19,M
Sarah,Richardson,James,,sarah_richardson38@yahoo.com,810-746-2515,1953-12-17,
Ashley,Hill,Mae,,ashley_hill@gmail.com,805-218-1259,2001-08-23,M
Kenneth,Kennedy,Elizabeth,,kenneth.kennedy27@outlook.com,413-950-8950,1998-08-21,F
David,Lewis,Scott,,,,2004-09-08,F
Henry,Morgan,,,henrymorgan@protonmail.com,910-409-3539,1959-01-26,F
Robert,Hill,Lee,II,robert_hill@outlook.com,720-387-5664,1950-09-25,F
Austin,Barnes,Rose,Sr.,austin_barnes5@yahoo.com,623-796-6008,1979-01-23,M
Carolyn,Wallace,Dawn,,carolyn_wallace@yahoo.com,733-778-8464,1985-07-05,M
Kimberly,Reed,,,kimberlyreed55@yahoo.com,,1963-07-02,F
Gregory,Brooks,Frances,III,gregory.brooks@protonmail.com,666-600-9230,1997-06-22,NB
Heather,Anderson,Marie,III,heatheranderson36@hotmail.com,980-571-9019,2004-01-02,NB
Stephen,Harrison,Eugene,II,stephen.harrison@protonmail.com,239-520-8563,2005-03-28,F
Julie,Hamilton,Elizabeth,,julie.hamilton78@protonmail.com,330-921-8051,1953-02-07,
Christine,Hill,Michael,III,christine_hill95@gmail.com,944-361-9430,1987-09-28,
Emma,Adams,Kay,,emma_adams@outlook.com,409-572-9885,1979-04-15,M
Benjamin,Gomez,Michelle,,benjamin_gomez22@outlook.com,938-728-6157,1940-05-19,M
Cynthia,Ross,Scott,,cynthia.ross@outlook.com,210-544-9731,1970-12-27,F
Maria,Morgan,Jean,,maria.morgan@icloud.com,307-772-3005,1965-08-26,F
William,Murray,Dale,,williammurray52@yahoo.com,548-868-6781,2000-10-08,M
Jennifer,Martinez,Eugene,Jr.,jennifer_martinez@outlook.com,940-543-8860,1994-02-15,M
Shirley,Freeman,,,shirley.freeman73@icloud.com,815-360-7127,1949-05-13,M
Amy,Carter,Dale,,amy.carter6@protonmail.com,515-604-9111,1995-01-19,F
Terry,Ruiz,Kay,Sr.,terry_ruiz@outlook.com,748-654-6694,1978-02-03,
Ann,Gonzales,Sue,,,468-211-3554,1941-03-16,
Austin,Harris,Renee,,austinharris@aol.com,839-984-6072,1947-11-05,
Dorothy,Alvarez,Rose,,dorothyalvarez@gmail.com,,1993-11-21,
Christine,Webb,Eugene,,christine_webb@protonmail.com,298-795-3783,1943-12-12,F
Christine,Davis,Jo,,christine_davis10@hotmail.com,816-678-6896,1951-07-12,M
Donald,Taylor,,Sr.,donald.taylor34@protonmail.com,308-216-6291,1975-07-14,F
Aaron,Mitchell,,Jr.,aaron_mitchell@outlook.com,365-446-5267,2004-08-26,
Douglas,Simpson,,II,douglas_simpson@outlook.com,,1962-05-25,F
Gary,Nguyen,Dale,II,gary_nguyen39@protonmail.com,500-738-3051,1980-08-05,F
Matthew,Ward,,,matthew.ward@protonmail.com,589-231-9793,1976-11-17,
Christine,Torres,Marie,,,713-697-5226,1976-12-13,F
Dennis,Gutierrez,Scott,,dennisgutierrez@aol.com,,1981-06-27,F
Daniel,Kim,,,danielkim41@outlook.com,880-705-7669,2002-03-22,F
Victoria,Hill,Allen,III,victoriahill92@gmail.com,613-504-9083,,F
Jeffrey,Adams,,,jeffrey_adams30@hotmail.com,923-712-4513,1971-10-15,NB
Shirley,Phillips,Elaine,,shirley_phillips9@protonmail.com,813-974-7645,1965-08-16,M
Ashley,Kim,Sue,,ashleykim91@yahoo.com,,1997-10-26,
George,Kelly,Allen,,george.kelly@outlook.com,,1940-04-21,M
Joyce,Edwards,,Sr.,,685-214-7261,1959-03-11,F
Tyler,Gray,Lee,,tylergray@icloud.com,,1947-02-06,M
Katherine,Carter,Jean,,katherine_carter@yahoo.com,225-966-4281,2003-05-20,F
Andrea,Robinson,Louise,,andrea_robinson92@outlook.com,351-930-1668,1987-07-25,NB
Donna,Owens,Jo,Sr.,donna_owens@yahoo.com,,1940-08-06,F
Sean,Perry,Michael,,seanperry42@hotmail.com,572-894-1873,2001-05-27,NB
Hannah,Jenkins,Jean,,hannah_jenkins2@aol.com,334-664-2792,1946-12-28,NB
Shirley,Nelson,Louise,,shirley_nelson@outlook.com,449-746-6846,1952-04-01,M
Brian,Cooper,,,briancooper@protonmail.com,,1941-07-26,M
Edward,Lee,Dean,Jr.,edward.lee69@hotmail.com,696-287-5499,1954-07-14,M
Jeremy,Gray,Scott,,jeremygray13@icloud.com,927-777-7838,1985-06-28,M
Zachary,Griffin,Marie,,zacharygriffin@yahoo.com,946-947-9960,1988-04-22,M
Carol,Wells,,,carol.wells@hotmail.com,473-645-3497,1959-02-05,M
Steven,Mendoza,James,,steven.mendoza@hotmail.com,,1962-03-15,M
Dylan,Alexander,Mae,,dylanalexander@hotmail.com,656-467-8129,1983-05-14,M
Lisa,Castillo,Frances,III,lisa.castillo43@yahoo.com,757-772-1885,1954-10-06,M
Sandra,Howard,,Jr.,sandra.howard61@gmail.com,720-640-6303,1953-02-12,
Margaret,Diaz,,III,margaret.diaz@aol.com,460-367-7814,1960-07-04,F
Evelyn,Olson,Mae,Jr.,evelynolson26@hotmail.com,,1971-09-03,M
Justin,Castillo,,,justincastillo24@yahoo.com,949-953-9713,1980-02-12,F
Christine,Richardson,Jean,,christinerichardson@yahoo.com,659-522-8415,1979-06-16,M
Samuel,Garcia,Jo,,samuelgarcia@gmail.com,,1976-10-13,
William,Webb,Louise,,williamwebb36@hotmail.com,557-488-6607,,NB
Shirley,Wells,,III,shirleywells2@yahoo.com,650-735-7338,1979-06-23,F
Zachary,Kelly,Jo,Jr.,zachary.kelly@protonmail.com,511-339-7458,1963-05-01,M
Jonathan,Gibson,Renee,,jonathan.gibson@outlook.com,252-578-7194,1970-12-03,F
Christine,Cole,Elaine,Sr.,christine.cole@icloud.com,513-563-6252,1943-04-06,F
Jose,Ramos,,,jose_ramos@icloud.com,,1940-02-08,NB
Larry,Ramirez,Dale,,larry.ramirez@yahoo.com,460-465-6977,1947-12-23,F
Dorothy,Reynolds,Jean,Jr.,dorothy_reynolds79@yahoo.com,582-385-4499,1999-03-23,
Henry,Patterson,Jean,,henry_patterson43@icloud.com,636-478-7022,1946-10-21,M
Henry,Hayes,Dean,,henryhayes@outlook.com,790-621-9547,,
Andrew,Garcia,Jean,,andrew.garcia43@yahoo.com,444-286-5716,1958-04-23,NB
Kenneth,Sanders,Renee,Jr.,kennethsanders@hotmail.com,827-732-1115,1973-11-11,F
Sarah,Harris,Christine,,,225-246-8313,1951-11-21,F
Frances,Hughes,James,,,665-495-6389,1943-03-18,F
Kevin,Campbell,Sue,,,684-395-1883,1953-04-20,
Rachel,Sanders,Lynn,,rachel.sanders60@aol.com,522-288-9668,1940-10-18,F
Samantha,Miller,Rose,,samantha.miller@aol.com,878-452-8288,1970-06-01,M
Barbara,Stewart,Rose,,barbara.stewart@outlook.com,476-998-8858,1980-12-21,M
Timothy,Chavez,Jo,,timothy_chavez@icloud.com,496-875-2880,1991-06-12,F
Hannah,Webb,Louise,,hannah.webb30@icloud.com,203-598-1429,1967-11-01,F
Katherine,Murphy,Nicole,Jr.,katherine_murphy@gmail.com,736-806-7658,1979-11-07,M
Thomas,Burns,,,thomas.burns@outlook.com,240-570-9978,1988-06-06,NB
Samantha,Roberts,Renee,,samantharoberts@outlook.com,458-390-8382,1963-03-05,M
Eric,Perry,,,,,1945-01-11,F
Betty,Torres,,Jr.,bettytorres@aol.com,804-553-2741,2005-10-14,F
Mark,Gonzales,,,mark.gonzales@yahoo.com,906-471-5246,1967-05-15,F
Austin,Ross,,Jr.,,926-848-3573,1949-04-24,M
Angela,Graham,,,angela.graham2@gmail.com,777-454-2243,1945-07-09,
Dylan,Gray,Eugene,,dylangray5@protonmail.com,479-864-6010,1961-05-23,F
Barbara,Williams,,,barbara.williams@yahoo.com,657-844-9737,1940-11-13,
John,Garcia,,Jr.,john.garcia@hotmail.com,393-274-3669,2003-11-21,M
Ryan,Marshall,Dean,II,ryanmarshall@yahoo.com,670-396-7143,2000-05-18,
Douglas,Wells,Scott,II,douglaswells@protonmail.com,546-328-5172,1975-04-28,
Hannah,Adams,Dawn,,hannahadams@yahoo.com,267-401-7016,1947-06-17,F
Barbara,Griffin,Ann,,barbaragriffin32@gmail.com,596-854-1467,1993-01-13,F
William,Alexander,Allen,,william.alexander@gmail.com,791-648-8590,1948-03-07,
Brian,Allen,Renee,,brian.allen92@yahoo.com,208-784-4809,1983-02-18,F
Frank,Graham,,,frankgraham@protonmail.com,219-814-1537,2002-06-08,
Frances,Price,,,frances.price@outlook.com,287-566-7765,,F
Barbara,Flores,,II,,269-364-9967,1974-12-14,M
Joseph,Lopez,Eugene,,joseph.lopez@gmail.com,716-741-8298,1978-06-01,M
Carl,Long,Ray,,carl.long@aol.com,727-371-7264,1940-10-23,
Olivia,Cox,,,olivia.cox38@icloud.com,337-403-9879,1948-07-17,
Edward,Patterson,Allen,Jr.,,,1946-12-14,
Emily,Sullivan,Dean,,emily_sullivan@gmail.com,831-764-6239,,M
Sandra,Simpson,Dean,,sandrasimpson@aol.com,951-304-7318,1951-05-14,F
Alexander,Rodriguez,Frances,,alexander_rodriguez59@aol.com,627-461-6221,1989-02-22,F
Patricia,Webb,Dawn,,patricia_webb@icloud.com,,1998-07-07,NB
Laura,Sanchez,Mae,,laurasanchez@gmail.com,653-430-1004,2002-02-21,
Henry,Bailey,Allen,,henrybailey@aol.com,727-761-8402,1966-09-14,F
Megan,Burns,Christine,,,304-726-4425,1980-08-27,M
Steven,Snyder,Mae,III,steven.snyder@icloud.com,481-903-5127,1940-03-23,F
Debra,Kim,Sue,Jr.,debra.kim@hotmail.com,655-500-6759,1983-01-26,M
Donald,Howard,Lynn,,donald_howard@icloud.com,299-535-5281,1963-03-19,M
George,Adams,Ann,,georgeadams3@yahoo.com,211-540-2767,1965-03-24,NB
Sarah,Scott,,,sarah.scott@icloud.com,,1969-04-20,
Sarah,Burns,,,sarah_burns81@outlook.com,,1969-08-02,
Tyler,Evans,,,tyler_evans39@protonmail.com,373-650-3561,,
Dylan,Graham,Mae,III,dylan.graham@hotmail.com,246-882-9540,1958-09-28,M
Jason,Stewart,,,,927-576-9477,1977-04-21,F
Judith,Peterson,Allen,,judith_peterson53@gmail.com,446-990-9242,2002-10-10,F
Christopher,Moore,,,christopher.moore@icloud.com,823-439-2993,1955-05-27,M
Justin,Howard,Allen,,justinhoward71@gmail.com,328-476-2626,1974-12-21,M
Janet,Brooks,Ray,,janet_brooks87@protonmail.com,298-675-1337,1974-09-19,F
Jack,Peterson,,,jack.peterson23@outlook.com,399-227-8714,1961-05-05,
Jason,Barnes,Kay,,jasonbarnes@gmail.com,514-313-6888,1995-10-26,
Kathleen,Mitchell,Alan,,kathleen_mitchell68@icloud.com,902-304-2670,1948-05-17,NB
Sandra,Morris,Mae,II,,454-318-7542,1954-05-27,
Victoria,Moore,Grace,,victoria.moore@hotmail.com,867-269-3615,1976-12-28,M
Carl,Flores,Lee,,carl.flores@aol.com,582-885-7785,1976-10-02,
Jerry,Wood,Michael,,,294-967-7190,1992-12-11,M
Laura,Rodriguez,Renee,,laura.rodriguez@hotmail.com,726-683-8277,1977-12-05,NB
Gloria,Gonzales,Wayne,,gloriagonzales@hotmail.com,584-927-3538,2004-11-28,F
Nicole,Stewart,Ann,,nicole.stewart79@gmail.com,234-618-6529,1947-09-03,F
Ashley,Wells,Nicole,,ashley.wells@outlook.com,450-797-1513,1969-08-15,M
Betty,Burns,,,betty.burns@hotmail.com,262-256-6384,1974-07-21,F
Arthur,Sanders,,,arthur.sanders@protonmail.com,836-314-4091,1960-10-17,NB
Steven,Freeman,Michelle,Jr.,steven_freeman25@gmail.com,525-415-2569,1949-06-10,M
Mark,Butler,Nicole,,mark.butler@yahoo.com,493-814-4903,1978-05-09,F
Deborah,Vasquez,Renee,,deborah_vasquez70@yahoo.com,365-389-6119,1984-07-13,NB
Dennis,Price,,III,dennis_price@hotmail.com,338-580-7836,1983-12-27,F
Hannah,Gomez,Alan,,hannah.gomez19@yahoo.com,708-338-3033,1983-02-24,F
Ann,Gomez,Kay,,ann.gomez@yahoo.com,718-634-3455,1956-01-14,
Kyle,Coleman,Sue,,kyle_coleman@aol.com,778-894-4204,1945-05-14,M
Dorothy,Allen,Ray,Jr.,dorothyallen@hotmail.com,450-374-3113,1987-04-17,F
Daniel,Kim,,,daniel_kim@hotmail.com,,1975-10-22,F
Deborah,Rivera,Elizabeth,,deborahrivera35@hotmail.com,,1957-01-11,M
Sean,Carter,Elizabeth,,,340-749-8339,1940-04-10,M
Olivia,Ruiz,Dale,,olivia.ruiz@yahoo.com,269-432-6025,1984-11-06,F
Mary,Miller,Louise,,mary_miller@yahoo.com,439-385-1907,1973-06-22,F
George,Morales,Elizabeth,,george.morales@yahoo.com,,1970-09-28,M
Heather,Campbell,,,,,1990-05-08,M
Zachary,Perry,,,zachary_perry@aol.com,847-797-2015,1997-03-26,F
Lisa,Brooks,Michael,,lisa_brooks@icloud.com,863-551-1488,1940-01-18,NB
Matthew,Murray,Elizabeth,,matthewmurray@gmail.com,988-453-4816,1985-11-09,M
Rachel,Flores,,Sr.,rachel_flores@outlook.com,845-568-9787,1950-01-06,F
Deborah,Davis,Michelle,,deborah_davis71@aol.com,607-551-2501,1996-02-11,
Edward,Ellis,Lee,,edward_ellis@yahoo.com,524-429-4871,1947-11-08,NB
Sean,Jordan,Elaine,,seanjordan14@yahoo.com,494-356-7826,1959-08-13,F
Jason,Gonzalez,Frances,II,jason.gonzalez2@gmail.com,617-541-2378,2004-07-19,M
Kimberly,James,Scott,Jr.,kimberly_james@icloud.com,512-562-4868,1940-12-04,NB
Carl,Martin,Jo,,carlmartin19@aol.com,609-828-2659,1983-10-12,M
Eric,Walker,Dale,,,556-605-9311,1995-01-15,
Stephanie,Collins,Jean,,stephanie.collins11@hotmail.com,476-903-8602,1951-11-19,F
Joyce,Gonzales,Kay,,,780-523-2022,1947-09-20,M
Joan,Jackson,Wayne,,joan_jackson@icloud.com,860-236-2663,1987-05-02,NB
Donald,Gonzales,,,donaldgonzales@icloud.com,279-343-7696,1941-05-02,F
Christine,Lopez,Jo,,,,1986-08-13,
Justin,Webb,,II,justin.webb@gmail.com,,2001-09-21,
Thomas,Ford,James,Jr.,thomasford@outlook.com,602-341-9864,,NB
Michael,Murphy,James,,michael.murphy@aol.com,749-830-8106,1944-01-09,M
Rebecca,Carter,Scott,,rebecca_carter13@aol.com,214-702-2505,1962-02-06,NB
Sharon,Martinez,Frances,II,sharon.martinez97@icloud.com,290-841-6119,1971-11-11,F
Patricia,Gutierrez,,,patricia.gutierrez@protonmail.com,963-737-5733,1946-11-19,NB
Sarah,Washington,Ray,,sarahwashington@hotmail.com,567-745-9375,1987-04-13,F
Brenda,Russell,Michael,,,638-773-5739,1970-05-27,F
Gary,Wilson,Grace,,,290-429-5068,1975-02-19,M
Steven,Myers,Nicole,Jr.,,563-547-9649,1967-08-13,
Megan,Marshall,,,meganmarshall52@yahoo.com,543-374-6308,1950-04-17,M
Walter,Torres,,,waltertorres@outlook.com,894-380-1694,1967-03-06,F
Gloria,Fisher,Eugene,,gloria.fisher@hotmail.com,737-572-9473,1982-03-19,F
Mary,Lee,,Jr.,marylee@protonmail.com,625-772-6293,1973-03-19,F
Aaron,Phillips,,,aaronphillips79@aol.com,468-734-1367,1990-11-19,
Jonathan,Graham,,,jonathan.graham9@yahoo.com,320-924-7131,1976-08-18,F
Robert,Edwards,James,Jr.,robert.edwards25@outlook.com,392-535-7688,1968-06-21,NB
Evelyn,Robinson,,Jr.,evelynrobinson70@icloud.com,361-837-4496,1998-05-05,NB
Jeremy,Owens,Elizabeth,,jeremyowens@icloud.com,926-842-9181,1944-09-17,M
Ann,Mitchell,Renee,,ann_mitchell@aol.com,599-242-7703,1940-04-05,M
Scott,Gibson,Wayne,III,scottgibson86@yahoo.com,335-816-4937,1978-04-10,M
William,West,Allen,,williamwest@aol.com,801-640-8782,1951-04-07,F
William,Rogers,Michael,,william_rogers@hotmail.com,755-607-8376,1947-09-21,
Peter,Johnson,Jean,,peter_johnson@icloud.com,874-766-5445,1982-04-24,F
Sarah,Peterson,,,sarah.peterson@gmail.com,654-872-4883,1949-11-26,F
Kevin,Carter,,,,,1996-11-19,F
Shirley,Vasquez,Dale,,shirleyvasquez@outlook.com,708-225-5727,1996-06-10,M
Patricia,Kelly,Dale,,,319-325-4877,1952-11-18,M
Janet,Murphy,Christine,II,janet.murphy62@outlook.com,456-572-4729,1946-08-07,F
Harold,Owens,Nicole,Jr.,harold.owens31@hotmail.com,599-871-6741,1947-08-01,M
Jerry,Edwards,Dean,Jr.,jerryedwards@icloud.com,602-902-2890,1983-10-10,F
Stephanie,Hill,Kay,,stephanie_hill83@icloud.com,894-889-4161,2002-10-15,M
Austin,Lee,,,austin.lee@aol.com,721-638-2188,1999-03-22,M
Frances,Barnes,Dawn,II,frances_barnes@protonmail.com,930-910-9230,1946-01-18,F
Teresa,Gonzales,Sue,Jr.,teresagonzales57@yahoo.com,202-983-8311,1991-09-22,M
Jack,Ortiz,Jean,,jack_ortiz@protonmail.com,673-290-7195,1943-04-27,M
Nathan,Woods,Grace,,,697-808-3429,,
Samuel,Harrison,Elaine,,samuelharrison@hotmail.com,,1999-11-10,M
Timothy,Gray,,Jr.,timothy.gray41@gmail.com,754-418-1668,1960-06-01,F
Samantha,Lee,James,,samantha.lee77@yahoo.com,820-688-2982,1989-06-17,M
Brandon,Long,Wayne,,brandonlong@outlook.com,235-961-6767,1994-07-23,
Matthew,Smith,,,matthew_smith@icloud.com,515-259-2853,2005-02-01,
Dylan,Nguyen,Allen,,dylannguyen@outlook.com,525-781-4941,1958-07-23,NB
Harold,Allen,Christine,,harold_allen8@protonmail.com,675-677-4835,1940-02-04,NB
Brian,Foster,Grace,,brian_foster36@protonmail.com,990-270-3185,1999-03-10,F
Jeffrey,Davis,Kay,,jeffrey.davis@icloud.com,559-728-7083,1985-09-11,NB
Walter,Walker,Louise,II,walter_walker80@outlook.com,699-830-3420,1947-03-23,F
Pamela,Murray,Ray,II,pamela_murray@aol.com,218-924-7861,1998-04-24,NB
Samuel,Young,Dawn,,samuelyoung68@aol.com,621-815-1867,1962-02-11,F
Anthony,Evans,Jo,,anthony_evans@yahoo.com,537-901-8895,1971-09-07,M
Brenda,Gomez,,,brendagomez@icloud.com,605-362-2633,1968-05-24,
Jerry,Fisher,,,jerry.fisher@hotmail.com,561-394-4988,1968-08-14,M
Kyle,Morris,James,,kyle.morris97@aol.com,480-748-3473,1992-04-27,M
Gloria,Foster,,,gloria.foster6@hotmail.com,993-936-7057,1996-02-21,M
Kenneth,Johnson,Frances,,kenneth.johnson@icloud.com,634-980-5706,1980-05-06,M
Peter,Jordan,Sue,,peterjordan2@protonmail.com,729-324-5427,1959-10-05,
Jeremy,Chavez,,Sr.,,302-372-7932,1971-12-27,
Kimberly,Turner,Elizabeth,,kimberly_turner@aol.com,,1940-07-18,M
Jose,Henry,,,,240-987-4343,1945-10-13,
Susan,Torres,Allen,,,838-250-8472,1952-11-20,
Jeremy,Lopez,Elaine,,jeremy.lopez48@yahoo.com,729-830-4067,,M
Dorothy,Nguyen,Nicole,,dorothy.nguyen@protonmail.com,732-484-6282,1999-11-28,F
Donald,McDonald,Rose,II,donaldmcdonald55@outlook.com,870-561-8611,1959-04-12,F
Barbara,Simpson,Louise,,barbara_simpson@hotmail.com,249-494-2636,1946-03-15,
Anthony,Wallace,Alan,,anthony.wallace23@outlook.com,594-776-1824,1958-10-12,F
Christine,Graham,,,,804-296-4639,1986-01-21,M
Margaret,Simpson,,,margaret_simpson74@gmail.com,406-636-8544,1980-10-01,M
Linda,Hall,James,,linda.hall@gmail.com,471-641-2217,1972-06-13,M
Robert,Evans,Marie,Sr.,,901-864-3818,1962-01-01,M
Jacqueline,Woods,Nicole,,jacquelinewoods10@outlook.com,790-288-8214,1980-04-12,M
Sandra,Nguyen,Michael,,sandra_nguyen39@gmail.com,523-291-5280,2002-11-14,F
Dylan,Davis,Mae,,dylandavis@protonmail.com,799-914-3371,1973-03-26,
Melissa,Kennedy,Michael,III,,330-654-2830,1994-10-23,
Jason,Kim,Kay,,jasonkim35@gmail.com,,1961-01-01,F
Jacob,Lopez,Ray,Sr.,jacoblopez@gmail.com,230-565-4298,2005-06-19,F
Justin,Alexander,Dawn,,justin_alexander71@gmail.com,336-843-3882,1992-11-11,NB
Sean,Thompson,Sue,,sean_thompson92@gmail.com,874-816-5679,1976-10-26,F
Rebecca,Watson,,,rebecca_watson@aol.com,870-326-8863,1994-05-20,M
Heather,Ellis,Mae,,heather.ellis@aol.com,972-353-4613,2002-09-19,F
Linda,Stewart,,,lindastewart83@outlook.com,895-985-1367,1991-06-16,F
Henry,Henry,Ray,,henryhenry@yahoo.com,886-995-6325,1983-09-05,F
Betty,Williams,Kay,,betty_williams66@icloud.com,704-747-6203,1967-03-04,
James,Sanchez,Michelle,Jr.,jamessanchez12@hotmail.com,350-878-4322,1971-07-07,F
Charles,Morris,Lee,II,,289-301-8794,1958-11-16,M
Pamela,West,,,pamelawest@aol.com,,1965-06-18,
Henry,Sullivan,,,,620-226-9729,1970-04-11,
Ann,Coleman,Sue,,ann.coleman@gmail.com,844-829-3003,1945-11-25,
Emily,Kim,Ann,Jr.,emily_kim81@outlook.com,208-804-6460,2005-07-06,F
Ronald,Coleman,Jean,,ronald_coleman@icloud.com,869-864-8055,1988-11-11,F
Robert,Cox,Dean,II,robert_cox@hotmail.com,898-937-3493,1981-08-19,M
Janet,Murray,Dawn,,janet_murray52@protonmail.com,,1969-12-21,M
Jacob,Mitchell,,,jacob_mitchell9@protonmail.com,,1987-02-07,M
Dylan,Henderson,,,dylan_henderson@outlook.com,947-713-9639,1976-07-23,M
Terry,Jenkins,Kay,,terry_jenkins@icloud.com,204-287-5724,1950-02-03,F
Jennifer,Lee,Grace,Jr.,jenniferlee73@gmail.com,817-401-3922,1963-09-05,M
Thomas,Ramirez,Jean,,,,1960-08-19,NB
Diane,Nelson,Nicole,,diane_nelson66@aol.com,461-418-6329,1941-09-10,NB
Mark,Flores,Sue,Sr.,markflores@gmail.com,769-821-6015,1973-09-22,M
Heather,Graham,,,heather.graham24@gmail.com,307-945-5545,1969-03-20,M
Patrick,Fisher,,,patrick.fisher15@aol.com,,2004-09-25,NB
Frances,Miller,Allen,,frances_miller26@outlook.com,747-318-4019,1985-08-06,M
Steven,Flores,,,steven_flores@hotmail.com,,1960-09-07,M
Samuel,Woods,Frances,III,samuel_woods@icloud.com,304-851-5790,1977-04-05,F
Laura,Cole,Louise,,lauracole@outlook.com,440-293-4423,1942-05-01,
Larry,Graham,Dale,,larry.graham49@outlook.com,717-963-5248,1965-04-13,F
Donna,Olson,Eugene,,donna.olson@gmail.com,222-861-8698,1950-02-11,F
Carl,Jenkins,Jo,,carl.jenkins@yahoo.com,,,F
Megan,Flores,,,megan.flores@aol.com,408-995-4346,1950-05-15,NB
Ann,Jones,Ray,,ann_jones19@outlook.com,,1975-06-16,F
David,Hernandez,Elizabeth,,david.hernandez60@hotmail.com,,1967-05-16,M
Kevin,Anderson,Ray,,,790-514-3457,1991-02-19,NB
Timothy,Crawford,Rose,,,590-924-9845,1945-03-04,M
Donald,Reynolds,Jean,Sr.,donald_reynolds60@outlook.com,456-683-9131,1993-08-01,F
Thomas,Harris,,,thomas_harris88@yahoo.com,673-429-5511,1951-05-10,
Anna,Cole,Frances,,anna.cole@gmail.com,,1981-05-04,NB
Kyle,Olson,Wayne,,kyle.olson@gmail.com,955-647-4434,1946-06-24,M
Emma,Bennett,Eugene,,emma.bennett1@hotmail.com,667-827-1962,1967-01-18,NB
Andrea,Gonzalez,Michelle,,andrea_gonzalez18@aol.com,809-544-9158,1967-08-18,
Lauren,Brown,,,,,1964-09-22,M
Ethan,Myers,Elizabeth,,ethan.myers50@protonmail.com,323-818-7757,1970-02-23,M
Hannah,Freeman,Lee,Jr.,hannah.freeman10@hotmail.com,831-546-3809,1972-03-09,M
Sean,Vasquez,,III,seanvasquez@icloud.com,,1997-06-27,
Carolyn,Walker,Lynn,,carolyn.walker19@yahoo.com,,1961-03-01,M
Eric,Green,Jean,,eric.green@yahoo.com,,2004-06-09,
Ryan,Myers,,,ryanmyers@protonmail.com,337-496-8522,1982-08-28,
Amanda,Mendoza,Alan,,amanda_mendoza92@hotmail.com,662-787-6736,,
Matthew,Rodriguez,Grace,,matthew.rodriguez@icloud.com,471-252-2217,1966-05-21,NB
Rebecca,Webb,,,rebeccawebb@aol.com,279-568-2550,1940-08-28,
Margaret,Snyder,Dean,Jr.,margaret_snyder@hotmail.com,303-405-8844,1947-12-14,
Rebecca,Long,Rose,,rebeccalong@gmail.com,735-614-7353,1960-01-27,NB
Henry,Wright,Marie,,henry_wright@gmail.com,373-678-3392,2000-01-12,
Rachel,Scott,Wayne,Jr.,rachelscott@protonmail.com,486-526-9517,1977-09-02,M
Jerry,Baker,,III,jerry.baker67@outlook.com,379-797-8894,1948-06-12,NB
Pamela,Russell,Lynn,II,pamela_russell@yahoo.com,567-439-5042,1988-08-20,
Nicole,Torres,Dale,,nicole_torres58@aol.com,696-788-4342,2002-11-25,
Zachary,Hayes,James,,zachary.hayes@gmail.com,,1943-10-07,
Catherine,Tucker,Kay,II,catherine_tucker@yahoo.com,961-669-5005,2001-09-19,
Benjamin,Jones,Dale,,benjamin.jones@gmail.com,,1974-09-02,M
Heather,Green,Frances,II,heathergreen@gmail.com,739-238-7535,1959-06-07,M
Katherine,Nguyen,,,katherine_nguyen@gmail.com,634-626-3924,1968-12-09,F
Jessica,Johnson,Jo,Jr.,jessica_johnson@icloud.com,818-839-3180,1995-10-25,F
Larry,Stewart,,,larry.stewart@gmail.com,353-282-8008,1978-11-21,F
Charles,Wells,Louise,,charles.wells26@gmail.com,301-851-3287,1960-07-26,F
Joyce,Gonzales,Ray,,joycegonzales@protonmail.com,459-433-2071,2002-09-22,NB
Lauren,Ellis,Elizabeth,,lauren.ellis62@protonmail.com,764-546-8399,1964-04-28,F
Larry,Garcia,Lee,,larry_garcia46@outlook.com,644-771-4029,1942-11-24,F
Emma,Bennett,Michael,,emmabennett19@gmail.com,441-658-3039,1984-09-07,M
Maria,Nguyen,Kay,,maria_nguyen82@outlook.com,347-568-7967,1960-02-07,NB
Laura,Olson,Lynn,,laura.olson@icloud.com,859-944-4868,2003-07-15,
Scott,Young,,,scott.young91@hotmail.com,873-941-2538,1952-04-26,NB
Sharon,Chavez,,II,sharon_chavez@aol.com,886-946-3564,,NB
Donna,Clark,Lee,II,donnaclark38@icloud.com,703-814-7879,1974-04-21,
Aaron,Powell,Dean,,aaron.powell@yahoo.com,471-250-9509,1976-10-03,
Anthony,Tucker,Louise,III,anthony.tucker@yahoo.com,737-223-6463,1974-01-19,F
Thomas,Ramos,Lynn,,thomas_ramos10@icloud.com,916-355-3782,1980-09-21,NB
Cheryl,Torres,James,,cheryltorres@protonmail.com,406-932-9468,1962-10-04,M
Tyler,Hill,Sue,II,tyler.hill12@protonmail.com,631-979-9943,1994-09-16,M
Janet,Stewart,Nicole,,janet_stewart50@gmail.com,851-471-3950,1952-03-13,NB
Jack,Ward,,,jackward89@hotmail.com,,2002-05-23,F
Austin,Gibson,Michael,,austin_gibson@protonmail.com,515-625-8619,1946-05-09,F
Jonathan,Walker,Christine,,jonathan_walker50@aol.com,549-859-3194,1973-08-23,
Carl,Bryant,,II,carl.bryant62@protonmail.com,430-807-8877,1962-11-18,
Austin,Hayes,Michelle,II,austin_hayes@yahoo.com,,1991-04-07,M
Justin,Wells,Elaine,III,justinwells52@icloud.com,902-861-5921,1958-05-05,NB
Nicole,Miller,Dawn,,nicolemiller@protonmail.com,363-562-6659,,F
Jacob,Webb,Allen,,jacobwebb@gmail.com,401-763-5649,1977-06-26,F
Stephen,Lopez,Wayne,,stephen.lopez@protonmail.com,541-791-8912,1971-06-07,M
Gloria,Stevens,Michelle,,gloria.stevens@aol.com,814-463-1033,2001-11-06,F
Linda,Crawford,Renee,,linda_crawford51@gmail.com,895-264-7214,1951-03-27,
Harold,Lopez,Louise,,harold.lopez@yahoo.com,396-800-3899,1981-09-06,F
Patrick,Sanders,Ann,Jr.,patricksanders12@yahoo.com,576-599-6676,1965-01-08,F
Barbara,Hayes,Nicole,III,barbarahayes40@aol.com,577-276-1397,1944-07-17,M
Jeremy,Owens,Renee,,jeremy_owens83@yahoo.com,650-478-9498,1991-05-13,M
Zachary,Long,,,zachary_long@gmail.com,276-683-7982,1949-06-09,
Joseph,Jordan,Scott,,josephjordan@icloud.com,632-379-9810,1943-12-16,F
Robert,Taylor,Dale,,robert.taylor12@outlook.com,876-458-1105,1982-09-13,M
Katherine,Campbell,Louise,,katherine.campbell@gmail.com,,1980-03-24,
Alexander,Murphy,Wayne,,alexander.murphy23@gmail.com,640-558-6642,1954-09-18,M
Adam,Bailey,Renee,,adambailey@icloud.com,787-285-9533,1989-07-16,M
Nancy,Sanders,Dawn,,nancy_sanders@gmail.com,668-917-3769,1958-12-16,
Gloria,Roberts,Eugene,Jr.,gloriaroberts@icloud.com,,1942-08-05,NB
Margaret,Ellis,,Sr.,margaret_ellis98@outlook.com,488-703-3987,1973-01-25,
Jose,Castillo,Michelle,,jose.castillo36@protonmail.com,562-440-6944,1987-12-22,F
Joseph,Fisher,,III,,370-975-7016,1996-03-24,
Lauren,Graham,Wayne,,lauren_graham25@hotmail.com,491-846-2778,1968-09-26,M
Ann,Scott,Allen,III,annscott@aol.com,479-862-2804,,
Andrew,White,Michael,III,andrew.white@icloud.com,329-400-6955,1979-09-07,M
Christine,Morris,,II,christinemorris@outlook.com,236-425-7394,1964-02-18,F
Hannah,Gomez,Ray,III,hannahgomez65@protonmail.com,393-782-4872,1965-11-06,
Jack,Thompson,Mae,III,jackthompson@outlook.com,245-687-9958,1989-02-23,M
Frances,Patterson,Mae,,frances.patterson29@yahoo.com,410-905-1442,1995-06-20,F
Laura,Hamilton,Ann,,,683-406-8836,1949-12-21,NB
Gloria,Cooper,Dawn,,,557-497-6877,1986-09-09,M
Nathan,Phillips,Lynn,,nathanphillips5@yahoo.com,223-451-3538,1952-02-10,M
Sean,Torres,Jo,,sean_torres@hotmail.com,287-551-4569,1976-02-25,
Kyle,Evans,Frances,III,kyle.evans@aol.com,846-267-2735,1983-10-15,F
Margaret,West,,II,margaret.west@gmail.com,447-437-8746,1955-10-11,M
Frances,Perry,Nicole,Sr.,frances.perry@yahoo.com,859-275-3582,1968-09-19,M
Lisa,Sullivan,,II,lisa.sullivan72@hotmail.com,823-331-5554,2001-09-25,NB
Lisa,Collins,Jo,,lisa_collins@outlook.com,485-719-2170,1954-10-28,M
Brandon,Ward,Dean,,brandonward37@icloud.com,667-300-7091,1987-05-03,F
Edward,Jenkins,Nicole,Sr.,edward_jenkins@protonmail.com,794-400-5194,1996-11-25,M
Jason,Parker,Sue,,jason_parker1@gmail.com,826-330-5744,2004-01-09,
Dennis,Rogers,,,dennis_rogers79@gmail.com,216-569-3226,1949-05-07,
Angela,Martinez,Allen,,angela_martinez@aol.com,321-710-5861,1999-09-05,F
Edward,Thomas,Michelle,,edwardthomas53@gmail.com,263-735-6119,1999-04-07,NB
William,Snyder,,,william.snyder@hotmail.com,962-780-1203,1977-06-20,NB
Zachary,Rodriguez,Ann,,zacharyrodriguez@hotmail.com,865-512-7672,1950-05-22,NB
Dennis,Olson,Christine,,dennis.olson88@outlook.com,867-622-7933,1973-09-20,NB
Kimberly,Reynolds,,,kimberly.reynolds@protonmail.com,354-272-3379,1945-11-12,M
Margaret,Jenkins,,III,margaret.jenkins55@hotmail.com,348-219-5098,1955-08-02,F
Mary,Diaz,Elizabeth,III,marydiaz89@aol.com,851-303-2320,1943-08-14,M
Carl,Hall,,,carl.hall@gmail.com,582-731-8762,1946-04-12,F
Teresa,Rivera,,,teresa.rivera29@aol.com,640-849-8142,1995-05-20,F
Donna,Gibson,Elaine,,donna.gibson@aol.com,623-377-8492,1965-04-28,NB
Shirley,Cox,,Sr.,shirley_cox@icloud.com,837-352-1322,2002-07-02,M
Rachel,Peterson,Rose,,rachel.peterson88@yahoo.com,647-581-4756,1960-07-03,M
Ann,Owens,Jean,,ann_owens@outlook.com,590-530-4704,1984-05-07,NB
Joseph,Patterson,,III,joseph.patterson@outlook.com,361-712-3273,,F
Kevin,Ramirez,,,kevin_ramirez@outlook.com,610-959-3994,1962-07-24,M
Andrew,Flores,Grace,,,462-595-3689,1993-04-18,
Janet,Price,Dale,,janetprice89@hotmail.com,289-985-4165,1979-11-14,
Brian,Owens,Ann,,brian_owens@icloud.com,473-650-2386,,NB
Melissa,Carter,Ann,,melissacarter35@hotmail.com,390-728-2255,1996-06-24,M
Diane,Rogers,,,dianerogers@outlook.com,723-509-3501,1999-05-13,F
Katherine,Murphy,Sue,,katherinemurphy21@protonmail.com,474-234-7425,1988-04-18,F
Adam,Patterson,Eugene,,adampatterson@outlook.com,955-673-2183,1973-07-01,
Jose,Rodriguez,Lee,,jose_rodriguez@aol.com,512-472-7183,1957-01-22,F
Cynthia,Griffin,Jo,,cynthia.griffin@yahoo.com,598-436-9313,1989-04-07,M
Scott,Murray,,,,587-711-1994,1980-03-02,F
Sandra,Phillips,Nicole,,,748-612-2357,1945-12-01,F
Stephanie,Robinson,,Sr.,stephanie_robinson@hotmail.com,397-899-7115,1969-07-11,M
Emma,Cooper,Jean,,emma_cooper7@gmail.com,649-251-7273,1981-08-11,M
Helen,Reyes,Elizabeth,III,helen_reyes@hotmail.com,938-368-2747,1941-12-07,
Nancy,Gonzalez,Dale,III,nancy_gonzalez73@yahoo.com,287-449-3401,1959-07-07,
Kelly,Chavez,Christine,,,819-962-9872,1948-05-27,M
Nicole,Green,Christine,,nicole_green3@hotmail.com,456-355-7015,1995-06-11,M
Gregory,West,Renee,,gregory.west@outlook.com,722-723-3020,1956-05-23,
Joshua,Bell,Nicole,,,691-996-2223,1977-03-08,
Harold,Davis,Marie,,,598-751-6266,1999-12-21,F
Patrick,Sanders,,,patrick_sanders@icloud.com,213-954-2331,1968-03-02,F
Joan,Bennett,Michael,,joan_bennett@aol.com,391-730-2013,1996-05-09,NB
Sean,Kim,Elaine,II,seankim@icloud.com,494-550-4402,,
John,Harrison,Sue,,john.harrison@icloud.com,865-979-8857,1951-09-12,F
Daniel,Ford,Alan,,daniel.ford@icloud.com,594-886-1212,1978-01-17,F
Jeremy,Hernandez,Dale,,jeremy_hernandez@hotmail.com,828-477-7344,1989-11-28,F
Megan,Nelson,Jean,Jr.,megan_nelson@outlook.com,,1962-08-19,F
Joan,Young,,,joanyoung@hotmail.com,973-569-5462,2002-01-17,F
Amy,Torres,Nicole,III,amytorres9@protonmail.com,908-539-8668,1964-01-26,
Carolyn,Gibson,Sue,,,870-825-2149,1974-03-14,M
Jacqueline,Jones,Alan,III,,307-452-5958,,M
Harold,Mendoza,Jo,,harold.mendoza99@protonmail.com,679-839-4019,1958-10-13,M
Austin,Rogers,Jo,,austin.rogers@hotmail.com,,1948-08-15,NB
Samuel,Russell,,,samuel_russell@protonmail.com,,1990-11-19,M
Christopher,Baker,,,christopherbaker@icloud.com,855-712-2800,1987-11-26,M
Christopher,Hernandez,Alan,,christopher.hernandez@protonmail.com,523-419-3610,1997-08-10,M
Amy,Butler,Frances,II,amybutler@icloud.com,525-295-9012,2004-09-09,
Teresa,James,,,teresa_james@icloud.com,366-583-5095,1970-08-09,F
Catherine,Parker,,,catherineparker@protonmail.com,,1991-12-08,F
Kyle,Gibson,Wayne,,kylegibson93@gmail.com,614-483-6439,1969-11-15,NB
Scott,Flores,Wayne,III,scott.flores38@hotmail.com,677-827-7506,1989-07-16,F
Maria,Torres,Ray,Jr.,mariatorres@aol.com,448-301-6095,1982-10-16,
Brian,Robinson,Dale,Sr.,brian_robinson57@gmail.com,936-569-6893,1996-01-04,NB
Emily,Gonzales,Jean,,emilygonzales@outlook.com,652-563-6876,1988-11-11,
Brenda,Jenkins,Michael,Jr.,brendajenkins@aol.com,914-529-7632,1943-05-22,F
Sean,Martin,Sue,,sean_martin@gmail.com,972-274-6544,1981-04-11,NB
Diane,James,Michael,,diane.james96@gmail.com,682-672-8340,1943-09-23,M
Kenneth,Ellis,Louise,,kenneth.ellis75@aol.com,683-632-6739,1941-12-10,M
Peter,Nguyen,Ray,,peternguyen27@icloud.com,744-582-1375,1975-05-07,F
Teresa,Ramirez,Grace,,teresaramirez41@gmail.com,670-233-5813,1942-05-19,
Katherine,Myers,,,katherinemyers@aol.com,,1943-05-07,M
Victoria,Thomas,Wayne,,victoriathomas@gmail.com,,2001-04-27,M
Ronald,Watson,,,ronald.watson@gmail.com,625-455-3703,1945-02-26,M
Dorothy,Cooper,Eugene,,,867-297-8534,1998-11-26,M
Jeffrey,Washington,Elizabeth,,,962-280-9848,1986-11-23,M
Robert,Wells,,,robert_wells@gmail.com,791-783-2301,1944-03-25,M
Jason,Simmons,Renee,,jason.simmons@aol.com,338-320-2922,1947-04-12,M
Steven,Mendoza,,,stevenmendoza@hotmail.com,647-824-4356,1952-03-10,M
William,Torres,Scott,,william.torres73@yahoo.com,848-218-7941,1990-10-08,
Martha,Edwards,Dean,Jr.,,542-517-4534,1975-11-06,NB
Sharon,Hill,Christine,,sharon_hill@aol.com,619-886-6745,1985-11-16,M
Linda,Ramos,Marie,Sr.,lindaramos@protonmail.com,565-757-7539,1985-10-28,M
Douglas,Williams,Jo,,douglas_williams@gmail.com,616-244-1622,1959-11-10,F
Aaron,Bennett,,Sr.,aaron.bennett17@aol.com,,1958-08-18,NB
Rebecca,Rogers,Grace,,rebecca_rogers@protonmail.com,956-442-9407,1973-09-21,M
Gregory,Simpson,Rose,,gregory.simpson@protonmail.com,803-885-9012,1956-03-28,M
Sean,Henry,Dale,,sean.henry82@icloud.com,332-286-1614,1947-04-01,M
Andrea,Miller,Renee,III,andreamiller@icloud.com,,1949-09-08,
Emma,Lopez,Allen,,emma.lopez@protonmail.com,852-703-9123,2002-08-15,M
William,Stewart,Elaine,Jr.,william.stewart33@yahoo.com,464-538-9094,1952-03-13,F
Jason,Howard,Ray,,jason_howard@outlook.com,,1977-06-08,F
Douglas,Sanders,Dawn,III,douglas_sanders85@gmail.com,343-954-3693,1957-08-24,NB
Teresa,Ramirez,Dale,,teresa.ramirez56@hotmail.com,536-911-2649,1994-05-20,F
Donald,Sanders,Grace,,donaldsanders@yahoo.com,,1966-10-26,M
Kyle,James,Dale,,kyle_james3@hotmail.com,837-624-3548,1971-04-28,
Susan,Garcia,Sue,II,susangarcia38@aol.com,357-400-4752,1995-03-01,M
Angela,Brooks,Elaine,,angela.brooks@aol.com,569-227-2273,1968-11-07,M
Lauren,Wells,Dean,II,lauren.wells45@outlook.com,777-806-3259,1997-07-28,F
Mark,Wallace,Dean,,markwallace68@icloud.com,364-582-6981,,
Jacqueline,Rodriguez,Renee,,jacquelinerodriguez@protonmail.com,996-663-1563,1947-01-21,NB
Jeremy,Flores,Wayne,,,862-753-3088,1957-06-25,M
Martha,Jenkins,Dale,,martha_jenkins99@protonmail.com,744-646-7264,1977-05-05,NB
Emily,Gomez,Dawn,,emilygomez@gmail.com,528-832-1125,1942-05-21,
George,Lopez,Scott,,georgelopez63@hotmail.com,381-502-5115,1988-12-27,M
Arthur,Foster,Scott,,arthur_foster81@gmail.com,452-470-6138,1956-10-09,
Jeremy,Kelly,Christine,,jeremy.kelly51@outlook.com,805-369-2289,1944-09-24,M
John,Reed,Lee,,john.reed@hotmail.com,238-559-4860,1945-04-23,M
Anna,Gibson,Frances,Sr.,,352-698-8416,1978-10-11,F
Michelle,Reed,Grace,III,michelle_reed98@hotmail.com,,1968-02-11,M
Michelle,James,Renee,II,michelle.james@gmail.com,714-696-9199,1987-02-23,
Pamela,Johnson,,,pamela_johnson67@outlook.com,239-843-7084,1940-07-08,M
Nicholas,Webb,Kay,,nicholaswebb41@aol.com,418-244-5189,1971-07-06,F
Robert,McDonald,Dale,,,436-942-4642,1988-08-15,
Brandon,Smith,,,brandon.smith85@protonmail.com,678-468-8592,1951-11-12,NB
Robert,Brooks,Dean,,,551-205-2252,1969-07-09,F
Megan,Simmons,Ann,,megan.simmons@outlook.com,,,F
Ethan,Lopez,,II,ethan_lopez@gmail.com,599-307-2232,,
James,Thompson,,III,,944-207-7919,1973-03-08,F
Frances,Taylor,Eugene,,,,2001-04-14,F
Kathleen,Hall,Jo,III,kathleen.hall@hotmail.com,,1972-08-17,M
Eric,Jackson,,,eric.jackson24@protonmail.com,670-337-9849,,M
Frances,Morris,,Sr.,frances.morris@yahoo.com,,1944-12-11,M
Alexander,Stewart,Wayne,II,,343-481-1170,1976-05-02,F
Brandon,Hamilton,,III,brandonhamilton96@protonmail.com,885-301-8755,1985-02-23,M
Jennifer,Jones,,,jennifer.jones@protonmail.com,814-355-3436,1960-02-11,NB
Emma,Moore,,,emma_moore@icloud.com,623-250-2288,2003-08-05,F
Amanda,Hernandez,,,amanda_hernandez@hotmail.com,,1965-04-04,M
Nicole,Adams,,,nicole_adams36@gmail.com,339-447-9880,1986-06-05,M
Anthony,Reed,James,,anthony.reed@icloud.com,768-859-7777,1962-05-06,F
Christine,Ruiz,,,christine_ruiz46@aol.com,423-332-4034,1970-12-14,F
Sarah,Barnes,,II,sarah_barnes70@aol.com,421-975-5324,1986-03-12,F
Christine,Snyder,Ray,Sr.,christinesnyder@aol.com,,1957-06-17,F
Steven,Diaz,James,,stevendiaz@protonmail.com,727-941-8038,1959-03-18,NB
Samantha,Cook,Frances,,samantha_cook1@hotmail.com,830-956-3920,1944-04-04,F
Carl,Reynolds,Allen,,,671-216-9660,1978-01-06,F
Ann,Sanders,Scott,Jr.,annsanders@yahoo.com,601-619-2687,1967-10-09,F
Stephen,Webb,Lynn,Jr.,stephen.webb1@aol.com,786-704-5291,1963-04-01,F
William,Morales,Scott,,william.morales14@outlook.com,385-996-8277,1977-03-18,
Jacqueline,Mendoza,Elizabeth,III,jacqueline_mendoza@yahoo.com,548-347-2701,1948-08-25,F
Amy,Gibson,Louise,,amy.gibson50@aol.com,630-973-5667,1985-09-19,F
Arthur,Evans,James,,arthur_evans89@icloud.com,947-795-2235,1972-03-18,
Gregory,Watson,Dawn,,gregorywatson97@aol.com,259-734-3999,1945-04-10,F
Kyle,Adams,Frances,Sr.,kyle_adams@gmail.com,,1998-08-04,
Jacob,Marshall,,,,,2005-10-27,M
Amanda,Davis,Michael,,amanda.davis@protonmail.com,877-832-1816,1968-07-28,F
Samantha,Ramos,Ray,III,samantha_ramos@icloud.com,617-953-3885,1960-08-06,M
Benjamin,Bell,,,benjamin.bell26@outlook.com,438-335-8197,2000-11-24,M
Carol,Wallace,,,carol_wallace12@protonmail.com,,1961-03-15,M
Catherine,Rivera,Kay,,catherinerivera@protonmail.com,624-777-9524,1953-07-28,F
Dennis,Thomas,Ann,,dennisthomas75@hotmail.com,238-728-1719,1952-03-11,F
Arthur,Peterson,,Sr.,,945-915-7450,1965-09-24,F
George,Perez,Marie,III,george_perez@outlook.com,,1946-07-05,M
Aaron,Murray,Eugene,Jr.,aaron_murray16@yahoo.com,990-612-6037,1940-03-08,
Mark,Lewis,Michelle,,mark_lewis@icloud.com,532-907-7605,1982-01-15,M
Ann,Ross,Scott,,annross@aol.com,214-641-9573,1942-05-01,F
Joseph,Jones,Rose,,joseph_jones@aol.com,569-486-6789,1982-02-03,
Edward,Wells,Elaine,,edward_wells@aol.com,,1990-11-08,M
Richard,Allen,,,richardallen59@icloud.com,904-541-5797,1954-01-18,M
Kevin,Myers,Frances,II,kevin.myers@protonmail.com,,,F
Daniel,Rivera,,Jr.,,,1974-02-11,F
Lauren,Hughes,Sue,,lauren.hughes98@outlook.com,406-368-6988,1941-05-09,F
Nicholas,Ward,Eugene,,nicholas_ward@icloud.com,748-492-8065,1951-10-18,F
Matthew,Tucker,Christine,,matthew.tucker@icloud.com,223-315-1056,1989-11-21,F
Christina,Cole,Lee,,christinacole@yahoo.com,283-909-8474,1957-05-19,
Julie,Smith,Allen,Sr.,julie_smith5@aol.com,259-231-3361,1989-11-13,
Gregory,Ruiz,Alan,,gregory.ruiz@yahoo.com,788-205-2050,,M
Richard,Garcia,,,,581-213-3426,1983-07-15,F
Raymond,Harris,James,,raymond_harris@hotmail.com,964-226-4413,2004-07-04,M
Christine,Harris,,,christine_harris@yahoo.com,795-262-5808,1943-08-14,M
Kenneth,Olson,Mae,,kennetholson@hotmail.com,564-253-5981,1940-02-05,F
Donald,Adams,,,donaldadams@protonmail.com,324-600-1942,1941-09-27,NB
Emily,Hayes,Ray,II,emily.hayes21@hotmail.com,203-688-4248,1996-04-21,
Brenda,King,Nicole,,brenda.king5@hotmail.com,499-279-4208,1959-01-02,F
Nicole,Torres,,II,nicole_torres68@gmail.com,766-841-5407,1985-09-22,M
Samantha,Lewis,Allen,,samanthalewis@outlook.com,683-972-6718,1941-05-25,M
Margaret,Stewart,Alan,Sr.,margaret_stewart@outlook.com,540-767-1056,1978-07-18,F
Cheryl,Wood,Scott,,cherylwood55@yahoo.com,875-836-9852,1976-11-03,F
Emily,Morales,Michael,,emily.morales@yahoo.com,534-589-6455,1996-03-06,M
Samantha,Rodriguez,Marie,,samantharodriguez@hotmail.com,670-612-4472,1952-03-14,F
Jerry,Price,Grace,,jerryprice86@outlook.com,240-855-2597,1989-07-24,F
Betty,Kelly,Dawn,Sr.,betty_kelly@aol.com,521-350-7827,1941-02-21,M
Megan,Torres,Lee,,megantorres@aol.com,,1944-04-09,NB
Andrea,Ortiz,Lynn,II,,524-532-7291,1948-01-04,F
Christine,Jones,Jo,III,christine.jones@yahoo.com,751-368-6118,1972-07-11,
Thomas,Snyder,,Sr.,thomassnyder34@hotmail.com,368-294-1109,1956-04-03,M
Jonathan,Garcia,Dean,,jonathangarcia99@aol.com,587-910-1223,1940-03-19,M
Evelyn,Bell,Grace,,evelyn_bell82@yahoo.com,638-352-2542,1955-06-15,M
Steven,Ramos,,Sr.,steven_ramos@icloud.com,404-760-7139,1978-11-28,
Sarah,Kennedy,Sue,,sarahkennedy@yahoo.com,,2005-03-15,
Nicole,Myers,Alan,,nicole_myers5@icloud.com,,1979-04-09,F
Jack,Sanchez,Mae,,jacksanchez@aol.com,,2005-04-16,M
Nancy,Martin,,,nancy_martin@protonmail.com,544-323-9747,1970-09-06,F
Jacob,Ross,,,jacob.ross@aol.com,,1990-10-22,
Christine,Kim,,,christinekim@aol.com,,1968-12-25,
Arthur,Foster,,,arthurfoster@hotmail.com,338-993-7208,2000-09-26,
Nancy,Cox,,Sr.,nancy.cox13@yahoo.com,575-999-5981,1982-06-21,F
Daniel,Morris,,,danielmorris1@icloud.com,632-768-2964,1964-04-16,NB
Cynthia,Sullivan,James,,cynthia_sullivan46@yahoo.com,908-890-7132,1953-12-19,
Jacob,Woods,Mae,,jacob_woods2@hotmail.com,,1986-07-02,F
Kimberly,Green,Rose,,kimberly_green@aol.com,938-979-1538,1942-10-04,NB
Martha,Burns,,Jr.,marthaburns@outlook.com,616-212-8408,1976-07-05,M
Brenda,Flores,Lee,II,brenda.flores@outlook.com,788-587-9853,1956-07-06,F
Jose,Hamilton,,,jose_hamilton33@icloud.com,985-334-6395,1970-01-08,NB
Olivia,Baker,,II,olivia.baker32@icloud.com,375-517-4340,1964-10-10,
Nicholas,Murray,,,nicholas_murray@yahoo.com,568-309-1681,1991-09-16,M
Catherine,Stewart,Christine,,catherine.stewart@gmail.com,866-308-3434,1955-03-22,
Katherine,Long,,,katherinelong@hotmail.com,731-566-5600,2005-03-26,NB
Steven,Price,,,stevenprice40@yahoo.com,994-857-6184,1967-03-27,M
Carol,Chavez,Ann,Sr.,carolchavez29@outlook.com,776-352-3332,,F
Jeremy,Sanders,Scott,,jeremy.sanders@icloud.com,,1942-07-13,M
Melissa,Ellis,Elizabeth,,,371-628-5727,1968-06-15,
Diane,Kim,,III,diane.kim33@hotmail.com,203-260-1169,1964-05-23,M
Richard,Henderson,Michelle,,richard_henderson@yahoo.com,934-618-5904,1948-04-17,M
Jose,Evans,,Sr.,jose.evans@protonmail.com,370-970-9656,1962-03-28,M
Benjamin,Morgan,Wayne,Sr.,benjamin.morgan@protonmail.com,894-251-8629,1980-01-22,M
Raymond,Henry,Jo,,raymondhenry@protonmail.com,854-869-3153,1978-04-13,M
Sean,Rodriguez,Michael,,sean_rodriguez@yahoo.com,913-476-3120,1941-04-09,
Ryan,Edwards,Marie,,,576-663-3743,1961-03-08,
Nancy,Gray,Louise,,nancy_gray16@protonmail.com,331-817-9719,1989-03-19,NB
Anthony,Burns,Louise,Jr.,anthonyburns@icloud.com,630-363-2451,1969-06-01,F
Patricia,Cooper,Elaine,,patricia.cooper@aol.com,258-487-3734,2004-08-23,M
Andrea,Kennedy,Jean,III,andrea.kennedy@gmail.com,794-204-3141,1955-03-14,
George,Perez,Elizabeth,,george_perez@protonmail.com,739-668-7029,1981-11-15,F
Kyle,Griffin,James,,kylegriffin@gmail.com,642-719-2485,1969-10-20,M
Margaret,Diaz,Elizabeth,,margaret_diaz32@protonmail.com,631-660-5644,1975-11-23,F
Maria,Davis,Michelle,Jr.,,742-202-2030,1976-01-14,
Brian,Taylor,Elizabeth,,brian.taylor@icloud.com,406-404-8245,1969-04-24,F
Kevin,Reed,Louise,,kevin_reed@icloud.com,669-994-3550,1950-12-02,F
Kenneth,Hernandez,Lynn,Jr.,kenneth.hernandez@gmail.com,574-767-2171,1952-12-05,NB
Ronald,Gonzalez,,,ronald.gonzalez@outlook.com,209-249-5661,2000-07-07,
Lauren,Wood,Scott,,laurenwood@protonmail.com,975-968-9408,1961-03-08,F
Gary,Gibson,Mae,,garygibson@yahoo.com,256-472-8948,1968-01-10,M
Zachary,Bailey,Rose,Jr.,zachary_bailey16@outlook.com,536-533-5502,1958-08-11,M
Frances,Harris,Ann,,frances_harris12@aol.com,780-604-6879,1941-09-07,NB
Lisa,Rivera,Jo,,lisa_rivera96@icloud.com,595-280-4781,1969-10-09,F
Hannah,Harris,Dawn,Jr.,hannahharris@yahoo.com,317-630-5994,1974-01-09,
Nicholas,Bennett,,,nicholas.bennett@outlook.com,818-880-6929,1944-08-17,
Joyce,Baker,Sue,,joyce_baker45@gmail.com,491-293-6353,2000-07-05,F
Janet,Murray,Jean,III,janet.murray66@icloud.com,878-210-7356,1971-08-28,M
Rachel,Reyes,,,rachel.reyes@hotmail.com,813-964-8121,1977-12-13,
Richard,Patterson,Jean,,richard.patterson6@outlook.com,578-851-8324,1978-10-25,M
Rachel,Roberts,Dawn,Sr.,rachelroberts45@outlook.com,265-324-7020,1986-01-04,
Ryan,Rodriguez,Kay,,ryan_rodriguez9@aol.com,366-795-6766,1990-02-01,M
Emily,Thompson,,,emily.thompson32@protonmail.com,252-483-7575,1955-03-19,
John,Davis,Nicole,,johndavis@yahoo.com,877-554-6196,1942-05-15,F
Harold,Cole,Michael,Sr.,haroldcole92@yahoo.com,301-547-5995,1975-12-23,F
David,Hill,Sue,Jr.,davidhill31@yahoo.com,,1997-11-22,M
Angela,Sanchez,Dawn,III,angela.sanchez@icloud.com,234-753-3973,1953-10-04,
Susan,Phillips,,Jr.,susan.phillips88@outlook.com,340-543-3904,,
Heather,Powell,Ray,,heatherpowell@hotmail.com,271-764-8517,1958-03-26,M
Arthur,Hill,Ann,Sr.,arthurhill@hotmail.com,311-729-9174,1952-09-26,
Terry,Morris,Scott,,terrymorris@aol.com,654-687-2305,1977-09-14,F
Joshua,Murray,,,joshuamurray@hotmail.com,210-627-8021,1981-09-20,M
Ashley,Allen,Alan,,ashley_allen@aol.com,854-690-5499,,M
Richard,Ellis,,Jr.,richard.ellis60@yahoo.com,922-659-5129,1945-04-20,F
Kyle,Diaz,Alan,,kyle_diaz78@protonmail.com,,2002-06-09,F
Sean,Walker,Allen,,sean_walker@outlook.com,699-589-4113,1978-09-25,F
Thomas,McDonald,Grace,Sr.,thomas.mcdonald@hotmail.com,702-713-3489,1970-11-03,F
Helen,Sanchez,Christine,,helen_sanchez@gmail.com,238-320-6436,1981-05-18,F
Martha,Collins,Ray,,martha_collins16@protonmail.com,246-232-4197,1983-09-28,F
Kyle,Murphy,Ray,,kylemurphy96@hotmail.com,227-791-5719,1948-06-27,M
Kathleen,Ortiz,Alan,,kathleenortiz@protonmail.com,877-408-6787,1964-05-01,NB
Julie,Richardson,Eugene,,julie.richardson82@gmail.com,784-741-1027,1988-10-13,NB
Christopher,Moore,Scott,,christophermoore@protonmail.com,306-717-8587,,M
Michael,Clark,,,michaelclark@protonmail.com,547-842-8371,1949-02-28,
Dennis,Lopez,Renee,,dennis.lopez27@gmail.com,709-606-4944,1999-09-25,F
Mark,Simpson,,,,825-862-3934,2001-06-09,F
George,Cole,Michelle,,george.cole87@hotmail.com,,1983-04-18,F
Dorothy,Gonzalez,Elizabeth,,dorothygonzalez@outlook.com,226-701-9434,1991-05-03,M
Sarah,Parker,Christine,,sarahparker18@hotmail.com,340-914-6721,1994-07-18,F
Maria,Gutierrez,James,,mariagutierrez38@gmail.com,673-262-1024,1968-10-11,
Dorothy,Kim,Sue,,,929-395-6632,1959-01-22,NB
Debra,Cox,Ray,,debra.cox@protonmail.com,885-646-2172,1996-01-25,F
Steven,Hamilton,Michael,,steven_hamilton@yahoo.com,458-239-8298,1962-03-04,M
Helen,Olson,Sue,,helen.olson@yahoo.com,292-558-2652,1989-05-20,
Diane,Williams,Mae,,diane_williams76@protonmail.com,721-272-8714,1965-07-03,F
Walter,Davis,Michael,Sr.,walter.davis@outlook.com,990-727-6018,1982-09-17,NB
Megan,Murphy,Louise,,meganmurphy66@yahoo.com,883-564-7528,1984-04-04,
Maria,Alexander,Lynn,,maria_alexander43@yahoo.com,909-451-2086,1941-04-02,M
Brenda,Moore,Dean,,brendamoore@aol.com,,1983-03-23,F
Matthew,Rogers,Scott,,matthew.rogers85@gmail.com,204-761-6190,1953-08-15,F
Stephen,Bryant,Alan,,stephenbryant84@yahoo.com,889-461-2676,1950-10-02,
Zachary,Coleman,Frances,,zachary.coleman@protonmail.com,218-433-1018,1994-11-13,
Thomas,Cruz,Christine,,thomas_cruz50@yahoo.com,981-490-6781,1983-04-25,F
Stephanie,Torres,Scott,,,573-253-1020,,M
Robert,Freeman,Jean,,robert.freeman@hotmail.com,532-506-1432,1953-01-10,M
George,Henderson,,Sr.,george_henderson@aol.com,561-426-7198,1941-09-07,M
Emma,Henderson,Alan,,emma_henderson@gmail.com,551-282-7605,1944-05-03,F
Peter,Green,Sue,III,peter_green22@yahoo.com,,1994-12-27,F
Jose,Jones,Lee,,,437-782-7618,1989-12-22,F
Zachary,Brown,Kay,,zachary_brown6@hotmail.com,,1998-12-16,F
Sean,Hayes,Elaine,,seanhayes@yahoo.com,416-804-3207,1971-12-10,F
Emily,Hill,Scott,,emily_hill@gmail.com,486-659-9075,2003-02-14,
Carol,Thomas,Jo,,carol_thomas8@gmail.com,761-549-6907,2001-03-28,NB
Betty,Wood,,,betty.wood@hotmail.com,868-561-3755,1971-02-23,M
Donald,Freeman,,Sr.,donaldfreeman@gmail.com,894-594-7296,1947-03-26,
Judith,Richardson,Grace,,judithrichardson39@icloud.com,781-675-4584,1955-01-09,NB
Christine,Thompson,,,christinethompson@icloud.com,201-690-1805,1972-09-01,M
Mark,Price,,,markprice@icloud.com,682-981-7566,1980-11-17,M
Emily,Roberts,,,,,1946-02-10,
Cheryl,Kennedy,,Jr.,cheryl.kennedy19@aol.com,394-971-8533,1971-07-27,
Donald,Smith,,,donald_smith9@outlook.com,266-998-5723,1980-12-24,NB
John,Sanchez,Grace,,john_sanchez@gmail.com,219-505-6437,1985-07-20,M
Joan,Murphy,Rose,,joan_murphy@icloud.com,559-317-8755,1956-06-08,
Julie,Baker,Lee,,juliebaker97@icloud.com,,1996-09-03,
Dorothy,Nelson,Mae,,dorothynelson68@hotmail.com,825-994-9421,1975-12-02,
Teresa,Ruiz,Rose,,teresaruiz@hotmail.com,946-935-3207,2002-11-24,M
Eric,Coleman,Elaine,,ericcoleman@gmail.com,651-518-6762,1947-01-11,M
Ethan,Price,Elaine,Sr.,ethan.price28@aol.com,961-650-8328,1974-02-04,M
Lisa,Anderson,Marie,Sr.,lisa.anderson68@aol.com,916-542-5041,2002-10-21,M
Stephanie,Martinez,,,stephaniemartinez57@outlook.com,257-738-9420,1945-07-06,M
Jacqueline,Foster,Dawn,,jacqueline_foster@yahoo.com,478-730-3329,1966-05-28,F
George,Anderson,Ann,,george.anderson@icloud.com,456-660-7346,1959-08-03,F
Olivia,McDonald,Alan,,oliviamcdonald@yahoo.com,743-445-1023,1940-11-28,F
Daniel,Davis,Dawn,,danieldavis61@gmail.com,,1954-02-26,NB
John,Rivera,Michelle,,johnrivera27@outlook.com,245-883-4196,1972-10-11,
Helen,Torres,Frances,Sr.,helen.torres23@hotmail.com,365-290-6908,1993-11-15,F
Charles,Stevens,Lee,,charles.stevens@hotmail.com,766-428-9273,1970-06-22,M
Nancy,Harrison,Dean,,nancy.harrison95@aol.com,388-837-8762,2004-02-08,
Margaret,Baker,Renee,,margaret.baker@protonmail.com,794-240-4402,1951-02-16,M
Mark,Rivera,Dale,Jr.,markrivera88@gmail.com,574-678-9504,1961-07-19,
Patricia,Baker,Rose,,patricia_baker53@hotmail.com,744-244-5711,1949-05-12,F
Andrea,Wells,Jo,,andrea_wells37@icloud.com,232-435-7787,1960-12-26,F
Kathleen,Owens,Christine,,kathleen_owens40@outlook.com,491-410-1482,1981-10-23,NB
Stephen,Jackson,Wayne,,stephenjackson@icloud.com,961-291-6347,1966-07-12,M
Melissa,Miller,Mae,,melissa.miller@protonmail.com,913-739-3761,1951-12-26,NB
Brenda,Brown,,,brenda_brown81@icloud.com,299-893-8405,2003-09-20,
Carolyn,Patterson,Mae,,,624-852-2053,1981-02-05,
Joseph,Cole,,,josephcole@icloud.com,567-261-9953,1946-11-13,M
Jennifer,Gutierrez,Nicole,,jennifer.gutierrez@aol.com,579-922-6807,1990-09-07,F
Cheryl,Long,Louise,Sr.,cheryl.long56@protonmail.com,418-343-6809,1999-05-09,M
Angela,Rogers,Ann,,angelarogers@gmail.com,664-710-5572,1956-03-25,F
Victoria,Jackson,Eugene,Jr.,victoriajackson@protonmail.com,,1975-09-26,F
Martha,Diaz,Lynn,Jr.,,417-681-1902,1984-05-23,F
Paul,West,Ray,,paulwest47@aol.com,,1998-05-03,M
Carol,Peterson,Elaine,,carol.peterson42@outlook.com,859-542-6410,1946-11-03,NB
Samuel,West,,,samuel.west@icloud.com,653-806-3968,1979-09-27,M
Christopher,Owens,Allen,,christopher.owens@yahoo.com,874-275-1812,1958-10-04,NB
Brian,Nelson,,,briannelson@yahoo.com,767-629-2097,1952-12-26,NB
Brandon,Sanders,Grace,Sr.,brandon.sanders@yahoo.com,591-329-3998,1987-04-21,M
Timothy,Olson,Dean,Jr.,timothy_olson@yahoo.com,,1991-03-22,
Hannah,Kelly,Elaine,III,hannahkelly@outlook.com,654-425-5545,1989-11-01,
Sarah,Flores,,,sarah.flores@aol.com,777-375-3022,1970-12-23,F
Kelly,Perez,,,kellyperez@outlook.com,499-951-2939,1986-08-26,M
Melissa,Wright,Elizabeth,,,642-813-3279,1956-02-26,M
Paul,Garcia,Allen,III,paul_garcia@hotmail.com,690-688-1500,1968-01-08,
Amanda,Ross,Dean,,amandaross37@yahoo.com,,1980-03-25,F
Daniel,Sanders,Ray,II,daniel_sanders48@icloud.com,918-671-3528,1989-04-17,M
Timothy,Green,,,timothy_green@icloud.com,938-692-8941,1945-09-13,F
Maria,Gonzales,,,mariagonzales53@aol.com,645-852-9268,1972-04-05,M
Emma,Washington,Kay,Sr.,emma_washington@aol.com,603-372-9004,1946-08-13,
Debra,Ford,,,debra_ford20@outlook.com,855-629-4018,2000-04-02,M
David,King,James,,david_king@aol.com,686-594-7615,1970-01-16,F
Larry,Ramirez,,,larryramirez@icloud.com,986-240-4677,2000-05-22,
Janet,West,Elizabeth,,janetwest77@outlook.com,204-894-9602,1988-02-02,F
Kyle,Green,Dale,Sr.,kylegreen@protonmail.com,862-316-7869,1994-10-21,F
William,James,Dean,,williamjames@gmail.com,412-404-6124,1994-01-02,M
Sandra,Flores,,,sandraflores57@icloud.com,,1945-10-20,F
George,Snyder,,,,328-640-3116,1980-04-12,NB
Diane,Stevens,,,diane_stevens95@hotmail.com,282-568-3972,2003-04-23,F
Carl,Gray,Dale,,carl.gray@icloud.com,806-585-7137,1968-07-06,NB
Emma,Kim,,,emma.kim@protonmail.com,992-745-1533,2001-05-11,M
Andrew,Edwards,,,andrew.edwards@gmail.com,285-815-2020,1970-05-13,F
Timothy,Adams,Grace,,timothy.adams@protonmail.com,239-423-3046,1946-08-08,F
Melissa,James,Scott,,melissa_james@icloud.com,774-720-6129,1967-02-25,
Richard,Cox,Jean,,richardcox@outlook.com,,,
Aaron,Murphy,,,,781-723-3647,1953-10-10,M
Jose,Reyes,,,jose_reyes14@gmail.com,578-773-4816,1974-11-01,F
Sandra,Carter,,,sandra_carter50@protonmail.com,934-623-4060,1998-05-11,F
Paul,Roberts,Ray,III,paulroberts@aol.com,318-842-2883,1941-11-24,
Matthew,Williams,Lee,,matthewwilliams@icloud.com,879-901-3638,1951-11-05,M
Margaret,Wright,,,margaret_wright59@protonmail.com,841-781-9179,,F
Linda,Peterson,Ray,,linda.peterson76@protonmail.com,870-458-9549,1976-07-11,F
Margaret,Gutierrez,Marie,II,margaret_gutierrez50@gmail.com,998-955-1631,2001-06-13,M
Kyle,Woods,Christine,III,kyle.woods1@hotmail.com,402-300-2696,1997-12-15,M
Kenneth,Stevens,Kay,Sr.,kenneth.stevens48@hotmail.com,821-863-8856,1953-12-08,M
Edward,Gomez,Kay,,edward.gomez@icloud.com,682-300-2873,1959-02-28,M
Stephanie,Hernandez,Marie,,,746-323-9201,1947-02-18,F
Christopher,Graham,Rose,II,,803-543-9787,2005-12-16,M
Samuel,Torres,Jo,,samuel_torres53@gmail.com,330-230-6147,1997-02-21,F
Patrick,Harris,Renee,,,285-505-5185,,M
Lisa,Phillips,Louise,,lisaphillips48@yahoo.com,968-556-5859,1991-06-07,F
Christina,Richardson,Jean,III,christinarichardson@gmail.com,803-809-7926,1991-02-07,M
Jerry,Hughes,,,jerry.hughes63@protonmail.com,,1949-03-03,F
Margaret,Price,Frances,,margaret_price@gmail.com,689-277-4757,1963-01-15,
Dennis,White,James,II,denniswhite6@yahoo.com,514-446-3632,1988-07-25,NB
Frank,Russell,Christine,,frank.russell@hotmail.com,958-312-9865,1964-07-20,NB
Evelyn,Rodriguez,Nicole,,evelyn.rodriguez@outlook.com,398-518-1998,1977-10-18,NB
Gary,Baker,Louise,III,gary_baker82@icloud.com,,1958-09-01,
Hannah,Nelson,Renee,Sr.,,308-862-2933,1983-12-27,M
Melissa,Wilson,,,melissa_wilson75@gmail.com,333-581-8609,1961-02-07,M
Ann,Burns,Wayne,,annburns@aol.com,903-732-2484,1964-04-13,NB
Henry,Ford,Michael,,henryford@outlook.com,996-865-7575,1986-05-21,
Heather,Torres,Jo,,heather_torres@gmail.com,976-593-4041,1944-02-22,
Steven,West,Eugene,,steven.west@protonmail.com,985-790-5658,1964-03-25,
Christine,Myers,Kay,,,438-285-6174,1965-02-12,F
Frank,Allen,Elizabeth,Jr.,,292-374-8407,1972-08-15,M
Nicholas,Ross,,III,nicholasross@icloud.com,,1962-07-26,NB
Harold,Perez,Grace,,haroldperez86@gmail.com,950-439-2489,1994-09-03,F
Megan,Cole,Eugene,,megan_cole92@protonmail.com,550-987-5577,1950-03-11,M
Sarah,Roberts,Louise,III,sarah_roberts3@icloud.com,285-719-7746,1942-11-16,
Frances,Thomas,,,frances_thomas98@hotmail.com,938-434-8417,1981-01-18,
Laura,Washington,Grace,Sr.,laura.washington24@outlook.com,789-456-7228,1992-11-27,
Linda,Gibson,Ray,II,lindagibson@icloud.com,850-610-5452,2003-09-18,M
Benjamin,Long,Wayne,,benjaminlong@hotmail.com,535-469-4041,1972-02-09,
Kevin,Lewis,Dale,,kevin_lewis@hotmail.com,486-580-9849,1990-12-21,
Dennis,Bell,Renee,,dennisbell@gmail.com,,1984-02-13,
Jacob,Simpson,Rose,,jacob_simpson@aol.com,202-785-8188,1942-02-13,M
Joyce,Castillo,Christine,,joyce_castillo86@protonmail.com,765-677-9561,1962-03-14,
Maria,McDonald,,,maria_mcdonald@icloud.com,628-722-2546,1997-12-06,
Ryan,Diaz,Allen,,ryan_diaz@icloud.com,,1980-06-16,
Christopher,Foster,Lynn,,christopher_foster58@outlook.com,214-908-2040,1960-11-20,F
Frances,Brooks,Grace,,,662-821-2452,1957-03-25,M
Barbara,Murray,Dale,II,barbara_murray93@gmail.com,819-372-9158,1967-08-14,M
Nicole,Nelson,,,nicole.nelson@yahoo.com,,1996-01-07,NB
Kelly,Simmons,Mae,,kellysimmons@hotmail.com,647-988-4366,1943-01-09,F
Christina,Mendoza,Jean,,christina_mendoza39@gmail.com,443-350-3808,2003-03-21,F
Linda,Henry,Renee,,lindahenry@yahoo.com,550-500-8487,1997-12-01,
Charles,Hall,Nicole,,charleshall83@gmail.com,241-855-9791,1950-02-10,F
Joseph,Wood,Renee,,josephwood@protonmail.com,691-995-8418,1962-12-21,M
Jacob,Scott,Jo,,jacob.scott@hotmail.com,,,F
Ronald,Martin,Jean,III,ronald.martin@hotmail.com,,2003-04-05,M
Hannah,Ellis,,III,hannah.ellis64@protonmail.com,,1989-07-12,F
Carol,Kelly,James,,carol_kelly@icloud.com,437-505-7535,2004-04-21,NB
Nicole,Smith,,,nicole_smith10@protonmail.com,479-638-2304,1958-02-14,F
Andrea,Alvarez,Jo,Jr.,andrea.alvarez@aol.com,,1958-12-19,NB
Jason,Baker,Elizabeth,,jasonbaker48@gmail.com,257-686-9409,1994-04-12,
Austin,Morgan,Renee,,austinmorgan@outlook.com,716-389-6519,1956-02-21,M
Tyler,Ramos,Mae,Sr.,tyler.ramos@yahoo.com,925-521-2001,1982-01-17,NB
Christina,Ramos,Frances,,christina_ramos13@icloud.com,816-293-5160,1999-12-18,F
Emma,Perez,Dawn,,emma_perez21@icloud.com,275-394-6395,1984-04-18,M
Aaron,Ortiz,Sue,,aaron_ortiz@aol.com,,1951-07-04,F
Jerry,Gibson,Jean,,jerrygibson@hotmail.com,743-653-4521,1997-07-13,M
Douglas,Myers,Lynn,,douglas.myers93@gmail.com,758-830-5298,1976-08-28,F
Jeffrey,Harris,Marie,,jeffrey.harris85@yahoo.com,977-201-7297,1994-06-17,
Angela,Rogers,James,,angela_rogers@aol.com,565-847-5401,1963-03-18,M
Carol,Hayes,Elaine,,carolhayes7@hotmail.com,280-916-3673,2001-02-03,F
Paul,Powell,Michael,,paul.powell@yahoo.com,452-232-4660,1988-02-09,NB
Tyler,Harris,Louise,II,tyler_harris@icloud.com,865-643-4994,2002-04-04,F
Edward,James,Dawn,,edward.james80@hotmail.com,655-638-1932,1969-12-08,M
